EmployeeID,名前,部署,Team,Gender,Age,入社日,雇用区分,Location,給与,AnnualBonusJPY,OvertimeHours,AttendanceRate,RemoteDaysPerWeek,PerformanceRating,Status,Manager
10001,小林翔,開発,T07,男性,27,2021/7/21 4:33,正社員,名古屋,537577,759240,0,94.4,0,3,在籍,小林太郎
10002,渡辺彩,営業,T01,男性,21,2023/10/10 22:33,正社員,札幌,384043,301305,22.4,94.4,1,2,在籍,佐藤陽菜
10003,小林真央,開発,T03,女性,45,2021/10/10 8:27,正社員,東京,425040,306071,10.6,96.1,3,3,在籍,佐々木彩
10004,鈴木蓮,マーケ,T04,女性,47,2021/4/15 4:20,正社員,東京,409536,379175,7.7,93.9,2,2,在籍,山田花子
10005,鈴木葵,総務,T06,男性,50,2019/12/12 8:07,派遣,東京,317559,302735,13.8,96.9,1,2,在籍,山田葵
10006,山田大輝,カスタマーサポート,T01,男性,58,2017/8/4 8:43,正社員,東京,274326,138699,5.3,96.6,3,3,在籍,鈴木真央
10007,山本真央,開発,T04,男性,39,2017/12/21 3:52,派遣,広島,676715,865689,11.2,95,2,2,在籍,小林太郎
10008,中村美咲,開発,T02,男性,53,2022/11/22 0:48,正社員,大阪,320504,479687,0,99.2,0,4,在籍,小林太郎
10009,加藤翼,人事,T06,女性,48,2015/9/27 19:46,正社員,東京,281985,290075,18.7,96.9,2,3,在籍,伊藤美咲
10010,鈴木翔,営業,T05,男性,31,2015/11/23 12:26,正社員,東京,682817,606518,9.2,99.7,1,3,在籍,佐藤陽菜
10011,佐々木彩,営業,T04,女性,53,2019/3/14 2:43,正社員,広島,548588,489752,19.3,96.5,1,2,在籍,高橋美咲
10012,渡辺直樹,カスタマーサポート,T03,女性,22,2023/3/13 2:59,アルバイト,東京,295955,176412,8.4,96.9,3,3,在籍,伊藤直樹
10013,山田健,マーケ,T02,男性,43,2021/12/14 10:35,正社員,名古屋,273388,209459,8.9,95.6,0,3,在籍,加藤翼
10014,渡辺直樹,開発,T07,男性,57,2021/3/30 7:01,派遣,東京,607247,608542,0.3,97,3,3,在籍,小林太郎
10015,渡辺翔,営業,T05,男性,46,2020/8/26 10:06,派遣,東京,445658,415285,16.1,98.8,3,3,在籍,佐藤陽菜
10016,中村健,経理,T03,女性,57,2016/3/4 1:11,正社員,名古屋,363984,380375,3,96,0,3,在籍,山本健
10017,高橋太郎,マーケ,T03,女性,22,2018/7/6 9:17,正社員,東京,279430,376969,6.1,98.3,3,4,在籍,山田花子
10018,中村愛,総務,T06,男性,41,2015/11/4 6:56,正社員,名古屋,326076,236484,10,95,0,2,在籍,佐藤直樹
10019,佐々木直樹,開発,T06,女性,51,2023/1/9 6:42,正社員,東京,597376,315213,11,98.9,3,3,在籍,佐々木彩
10020,小林翔,マーケ,T04,女性,45,2022/12/11 23:34,契約,名古屋,336711,181226,0,95.6,2,3,在籍,加藤翼
10021,佐藤葵,開発,T03,女性,55,2017/9/24 12:52,正社員,福岡,346166,219527,8.2,99.1,0,3,在籍,小林太郎
10022,加藤大輝,営業,T05,男性,38,2018/2/6 4:44,派遣,名古屋,687209,735645,16.4,97.2,0,3,在籍,高橋美咲
10023,佐藤蓮,カスタマーサポート,T05,男性,47,2018/5/11 23:06,正社員,東京,315126,412243,7,100,3,4,在籍,伊藤直樹
10024,鈴木直樹,開発,T05,男性,36,2024/5/30 3:38,正社員,名古屋,618400,857600,8.2,94.1,0,2,在籍,小林太郎
10025,田中健,開発,T01,男性,54,2020/3/3 3:42,契約,広島,688202,781187,11.3,93.3,1,2,在籍,小林太郎
10026,田中翼,人事,T04,女性,24,2023/1/24 9:53,正社員,東京,357219,322619,9,95.5,1,3,在籍,伊藤美咲
10027,佐藤愛,営業,T05,女性,30,2019/10/1 17:13,派遣,東京,310477,203211,1.8,93.5,3,3,在籍,高橋美咲
10028,佐藤真央,総務,T07,男性,23,2022/5/22 12:07,正社員,福岡,314575,283563,9.7,93.5,2,2,在籍,佐藤直樹
10029,吉田葵,人事,T04,女性,48,2020/8/3 23:34,アルバイト,東京,385527,320918,18,98.6,1,2,退職,伊藤美咲
10030,渡辺陽菜,マーケ,T03,女性,29,2017/12/12 19:29,契約,名古屋,336208,460613,1.6,97,2,4,在籍,山田花子
10031,高橋直樹,開発,T04,女性,32,2024/4/9 21:31,派遣,福岡,786660,776212,7,95.8,0,3,在籍,小林太郎
10032,渡辺健,カスタマーサポート,T02,女性,53,2022/7/3 1:41,正社員,東京,237721,172632,0,96,1,3,在籍,伊藤直樹
10033,加藤彩,営業,T01,男性,34,2023/2/21 11:47,派遣,大阪,398825,314593,17.5,95.5,0,2,在籍,高橋美咲
10034,加藤花子,営業,T05,男性,25,2025/1/12 14:10,正社員,大阪,407603,259427,9.3,100,1,4,在籍,佐藤陽菜
10035,田中翔,営業,T07,女性,20,2017/8/19 11:56,契約,東京,527837,748781,3.2,95.2,1,3,在籍,高橋美咲
10036,高橋陽菜,人事,T06,男性,29,2015/12/20 21:05,正社員,札幌,292892,161191,10.7,93.7,2,2,在籍,佐々木翼
10037,佐々木真央,人事,T05,男性,56,2021/2/28 11:33,正社員,東京,299788,153745,0.4,99,3,4,在籍,伊藤美咲
10038,小林健,営業,T01,男性,41,2018/6/14 14:50,正社員,東京,547939,374236,1.7,96.5,2,2,退職,佐藤陽菜
10039,佐々木彩,経理,T07,男性,59,2019/8/12 6:42,正社員,福岡,319848,419280,0,100,2,4,在籍,山本愛
10040,田中翔,マーケ,T04,女性,28,2017/6/26 0:11,正社員,東京,472170,483250,1.5,95.7,2,2,在籍,加藤翼
10041,鈴木花子,営業,T03,男性,34,2019/3/21 1:56,派遣,福岡,641586,722325,20.9,99.1,1,2,在籍,高橋美咲
10042,伊藤葵,開発,T07,女性,26,2019/2/28 21:52,正社員,東京,465322,399121,4.1,99.7,2,5,在籍,佐々木彩
10043,伊藤真央,開発,T06,女性,35,2018/9/16 21:33,契約,大阪,588775,334823,13.7,95.7,0,4,在籍,小林太郎
10044,加藤結衣,営業,T06,女性,42,2022/11/9 2:46,正社員,東京,399797,542187,3.3,95.1,1,3,在籍,高橋美咲
10045,加藤美咲,開発,T02,男性,52,2021/4/9 14:26,契約,名古屋,485538,335940,16.1,98.9,0,3,在籍,小林太郎
10046,佐藤翼,開発,T07,女性,34,2020/1/7 22:44,契約,福岡,641774,342103,1.8,98.4,1,4,在籍,佐々木彩
10047,中村結衣,営業,T04,女性,50,2016/3/11 15:29,正社員,福岡,381906,409672,10.3,93.5,2,3,在籍,高橋美咲
10048,伊藤彩,経理,T04,男性,45,2021/1/14 20:58,契約,広島,300898,175510,10.4,94.2,1,2,在籍,山本健
10049,中村大輝,マーケ,T06,女性,31,2016/11/7 10:57,派遣,名古屋,329596,196360,28.6,90.7,0,1,在籍,加藤翼
10050,渡辺陽菜,人事,T05,女性,56,2018/4/29 5:00,契約,福岡,390826,508221,15,98.5,1,4,在籍,佐々木翼
10051,山本翔,人事,T02,女性,37,2019/5/23 14:42,正社員,大阪,303712,301163,5.3,96.3,0,3,在籍,佐々木翼
10052,加藤翔,総務,T03,女性,26,2016/6/30 1:59,正社員,仙台,303661,225167,15.5,96.6,0,2,在籍,山田葵
10053,田中蓮,開発,T03,女性,58,2019/2/14 9:03,契約,大阪,621832,527703,27.1,92.8,2,1,在籍,小林太郎
10054,高橋翔,マーケ,T07,女性,56,2017/10/28 16:45,正社員,札幌,293275,360505,0,94.3,1,3,在籍,山田花子
10055,加藤翼,開発,T06,女性,21,2023/12/29 8:00,契約,東京,448860,254213,3.3,95.8,1,3,在籍,佐々木彩
10056,佐々木葵,開発,T03,男性,56,2015/1/18 15:43,正社員,大阪,403848,248964,8.1,95.3,2,3,在籍,佐々木彩
10057,渡辺翼,営業,T06,男性,57,2021/5/17 8:11,契約,名古屋,665963,743389,6.7,97.3,1,4,在籍,高橋美咲
10058,佐々木彩,マーケ,T06,男性,53,2021/10/11 17:30,正社員,東京,484531,536362,7.3,98.5,3,4,在籍,加藤翼
10059,高橋陽菜,人事,T03,男性,30,2018/12/31 22:13,正社員,東京,368245,542226,0,100,2,4,在籍,伊藤美咲
10060,吉田葵,人事,T03,男性,45,2023/5/11 23:40,アルバイト,広島,302125,264223,21.2,96.9,1,2,在籍,佐々木翼
10061,佐々木蓮,マーケ,T07,その他/未回答,41,2018/12/31 19:47,派遣,東京,411775,232684,0,99.8,3,5,在籍,加藤翼
10062,田中結衣,営業,T04,男性,44,2015/9/7 3:04,派遣,東京,548020,568591,8.4,94.9,2,2,在籍,高橋美咲
10063,鈴木翔,マーケ,T02,男性,44,2017/9/8 6:56,アルバイト,東京,469957,534974,18.4,92.8,1,1,在籍,加藤翼
10064,小林翼,開発,T06,男性,45,2019/1/19 5:19,正社員,東京,394959,252616,9.8,96.1,2,3,在籍,佐々木彩
10065,山田真央,マーケ,T05,男性,40,2017/6/8 8:22,正社員,大阪,439338,462562,2.2,93,2,3,在籍,山田花子
10066,鈴木翼,マーケ,T04,男性,47,2016/8/2 6:12,正社員,仙台,314643,219547,0,97,1,4,在籍,加藤翼
10067,小林健,マーケ,T06,女性,41,2025/6/5 10:25,正社員,広島,400799,538966,8.2,95,2,3,在籍,加藤翼
10068,山田翔,営業,T07,女性,20,2016/5/13 1:42,正社員,名古屋,645657,862056,3.9,92.1,0,2,退職,佐藤陽菜
10069,佐藤陽菜,総務,T03,男性,21,2022/6/22 1:42,派遣,名古屋,267448,248627,11.6,100,1,3,在籍,山田葵
10070,山本美咲,営業,T03,男性,58,2022/8/5 10:24,正社員,東京,316614,464391,0,95.7,3,4,在籍,高橋美咲
10071,鈴木大輝,経理,T02,女性,56,2021/7/15 17:49,正社員,札幌,393838,582791,16.5,92.9,1,1,在籍,山本愛
10072,高橋陽菜,営業,T05,男性,43,2024/8/23 18:41,正社員,東京,258437,162621,10.9,99.2,1,3,在籍,高橋美咲
10073,山本翔,開発,T03,男性,26,2015/1/20 6:24,正社員,東京,648860,563024,11.5,95.2,2,2,在籍,小林太郎
10074,伊藤彩,経理,T03,男性,51,2018/3/11 19:06,正社員,広島,350172,385301,21.5,99.7,1,3,在籍,山本愛
10075,鈴木真央,総務,T05,女性,25,2016/12/13 8:35,正社員,札幌,301592,176382,6.5,95.2,1,3,在籍,山田葵
10076,吉田蓮,経理,T03,女性,35,2021/2/7 19:40,正社員,東京,400781,353751,4.2,95.6,3,3,在籍,山本健
10077,高橋愛,経理,T04,男性,33,2021/9/22 8:48,正社員,名古屋,398854,303596,5.6,97.9,0,4,在籍,山本愛
10078,山田花子,マーケ,T04,男性,20,2024/7/2 9:20,派遣,大阪,344977,500923,8.5,98.5,1,3,退職,山田花子
10079,高橋葵,マーケ,T02,その他/未回答,52,2019/1/7 14:45,正社員,東京,271018,247056,9.3,98.9,3,3,在籍,加藤翼
10080,山本大輝,開発,T01,男性,40,2017/6/30 17:57,正社員,東京,381517,481730,3.4,96.8,3,3,在籍,佐々木彩
10081,加藤陽菜,マーケ,T06,男性,32,2024/10/12 8:14,正社員,東京,294693,261305,0,98.3,1,4,在籍,山田花子
10082,山本太郎,営業,T01,女性,40,2022/2/14 2:21,正社員,大阪,692003,437215,5.5,98.9,2,5,在籍,佐藤陽菜
10083,渡辺陽菜,開発,T03,女性,20,2023/2/3 15:49,正社員,東京,606507,826760,12.9,97.5,3,4,在籍,小林太郎
10084,加藤翔,人事,T05,女性,37,2019/9/16 20:12,アルバイト,大阪,357976,179137,11.1,96.6,1,4,在籍,佐々木翼
10085,佐藤陽菜,総務,T01,男性,40,2019/9/26 3:20,正社員,東京,287708,159948,19.6,93.4,3,1,在籍,佐藤直樹
10086,吉田結衣,総務,T05,男性,33,2019/2/12 15:58,正社員,仙台,362082,312978,25.6,98.5,0,3,在籍,佐藤直樹
10087,小林太郎,開発,T06,女性,53,2022/12/6 21:00,正社員,大阪,666881,791519,16.1,97.1,0,3,在籍,佐々木彩
10088,加藤結衣,営業,T05,男性,29,2017/3/25 0:41,派遣,札幌,588462,495310,21.1,96,0,3,在籍,高橋美咲
10089,渡辺大輝,人事,T03,女性,25,2025/4/27 22:30,正社員,東京,330871,187376,16.1,100,2,3,在籍,佐々木翼
10090,伊藤葵,営業,T01,女性,41,2016/11/10 22:50,正社員,大阪,564209,461432,23.7,93.4,1,2,在籍,高橋美咲
10091,中村葵,人事,T07,女性,55,2019/11/17 16:34,派遣,福岡,340726,253834,24.8,100,0,3,退職,伊藤美咲
10092,小林結衣,マーケ,T03,女性,35,2021/10/19 8:42,正社員,東京,358449,181167,17.6,96.9,1,3,在籍,山田花子
10093,佐々木葵,営業,T06,男性,21,2022/3/15 20:58,正社員,東京,517522,535532,15.7,97.8,1,2,在籍,高橋美咲
10094,山田翼,営業,T02,女性,58,2024/9/20 15:19,正社員,東京,395952,244162,8.4,96,2,3,在籍,佐藤陽菜
10095,佐藤大輝,営業,T02,男性,37,2023/5/9 7:47,正社員,東京,678780,534536,9.7,92.8,3,2,在籍,高橋美咲
10096,鈴木翼,マーケ,T06,男性,26,2017/8/19 3:03,アルバイト,東京,434900,496303,7.3,96.7,2,3,在籍,加藤翼
10097,佐々木結衣,営業,T07,女性,44,2017/3/9 17:31,正社員,東京,582542,713681,15,97.8,3,3,在籍,高橋美咲
10098,渡辺蓮,総務,T07,女性,32,2024/5/19 13:06,正社員,東京,346005,264159,4.2,98.7,3,4,在籍,佐藤直樹
10099,中村陽菜,人事,T06,男性,57,2020/2/29 14:52,正社員,大阪,328284,272211,8.5,96.5,0,3,在籍,伊藤美咲
10100,佐藤直樹,カスタマーサポート,T02,女性,31,2016/1/13 0:14,正社員,東京,344070,256989,0,91.5,2,3,在籍,伊藤直樹
10101,鈴木大輝,カスタマーサポート,T07,男性,42,2023/9/24 12:18,派遣,東京,254943,371423,23.8,93.1,1,1,在籍,伊藤直樹
10102,渡辺健,マーケ,T05,女性,41,2021/11/11 6:03,正社員,名古屋,400791,276754,8.2,100,2,3,在籍,加藤翼
10103,加藤陽菜,経理,T02,男性,29,2015/4/9 19:58,契約,東京,289717,197929,13.6,94.3,3,3,在籍,山本愛
10104,吉田翼,カスタマーサポート,T01,男性,39,2023/4/14 16:04,正社員,東京,265354,250768,21.7,100,3,3,在籍,伊藤直樹
10105,山田太郎,開発,T07,女性,24,2021/6/5 12:10,正社員,東京,595782,410676,12.4,94.7,3,2,在籍,佐々木彩
10106,高橋健,開発,T02,女性,45,2021/7/3 10:52,正社員,東京,554973,364455,21.6,96.5,2,2,在籍,佐々木彩
10107,高橋彩,営業,T06,男性,50,2024/2/25 23:35,契約,大阪,673522,401337,0.1,98.6,2,4,在籍,佐藤陽菜
10108,中村蓮,経理,T01,女性,58,2020/3/30 5:48,正社員,東京,365919,417210,29.2,94.9,3,2,在籍,山本愛
10109,中村愛,総務,T02,女性,33,2019/11/18 19:00,正社員,東京,309376,344051,18.7,100,2,2,在籍,佐藤直樹
10110,佐藤健,カスタマーサポート,T02,女性,31,2021/7/14 1:07,契約,広島,281207,323433,11.7,97.2,2,3,在籍,鈴木真央
10111,渡辺大輝,営業,T02,女性,41,2017/2/3 10:19,正社員,仙台,525217,668758,21.4,98.2,2,3,在籍,佐藤陽菜
10112,山田翔,経理,T05,男性,47,2016/8/9 4:19,正社員,東京,390758,322906,0.7,96.3,1,3,在籍,山本健
10113,高橋美咲,営業,T07,男性,59,2023/12/6 4:48,正社員,東京,374438,531111,7.7,98.6,2,3,在籍,佐藤陽菜
10114,吉田花子,マーケ,T07,女性,21,2017/4/13 4:20,派遣,大阪,404461,498783,21.6,100,1,4,在籍,山田花子
10115,渡辺美咲,人事,T06,男性,29,2020/5/3 6:59,正社員,福岡,344714,449751,0,96.7,0,4,在籍,佐々木翼
10116,山本大輝,開発,T02,女性,30,2017/11/9 3:51,正社員,福岡,324529,396237,14.5,100,2,4,在籍,佐々木彩
10117,小林花子,開発,T07,女性,30,2017/6/9 17:16,正社員,東京,758130,650820,14.3,95.5,1,1,在籍,小林太郎
10118,加藤翼,開発,T04,男性,38,2021/4/29 10:00,正社員,東京,593523,464747,25.8,98.9,2,3,在籍,佐々木彩
10119,小林太郎,営業,T04,その他/未回答,54,2023/6/29 3:07,正社員,東京,358934,331122,0,98.2,1,4,在籍,佐藤陽菜
10120,鈴木結衣,マーケ,T05,女性,21,2019/9/4 22:44,正社員,札幌,415728,248202,22.9,94.3,2,3,在籍,加藤翼
10121,田中健,マーケ,T06,女性,52,2016/6/20 4:26,正社員,札幌,425897,405147,5.5,97.5,2,3,在籍,山田花子
10122,吉田健,マーケ,T07,男性,44,2017/8/2 21:34,正社員,東京,480510,260984,6.4,97,3,2,在籍,山田花子
10123,佐藤花子,総務,T05,男性,44,2016/9/28 1:50,派遣,大阪,264088,133086,0.2,94.9,2,3,在籍,佐藤直樹
10124,加藤陽菜,営業,T05,女性,47,2024/5/5 1:23,正社員,東京,436174,624382,1.3,97.9,2,3,在籍,佐藤陽菜
10125,山本結衣,総務,T06,女性,24,2018/5/19 23:35,正社員,名古屋,281618,334938,13.2,97.4,2,3,在籍,佐藤直樹
10126,鈴木彩,営業,T02,男性,49,2018/12/16 4:59,派遣,仙台,508510,539959,1.1,96.8,0,4,在籍,高橋美咲
10127,鈴木美咲,営業,T03,女性,29,2015/10/2 13:24,派遣,大阪,475723,400131,15.9,96.8,0,3,在籍,高橋美咲
10128,佐々木愛,人事,T05,女性,40,2019/9/20 21:54,正社員,東京,331749,355149,4.7,96.8,1,3,在籍,佐々木翼
10129,佐藤愛,人事,T01,女性,47,2024/9/2 7:38,正社員,大阪,397663,553378,0.3,96.1,0,4,在籍,佐々木翼
10130,佐藤彩,マーケ,T03,女性,44,2019/5/3 11:52,正社員,東京,392280,452055,5.8,97.3,3,3,在籍,山田花子
10131,佐藤葵,人事,T06,男性,32,2021/11/22 1:21,正社員,福岡,323431,356576,12.7,95.4,2,2,在籍,伊藤美咲
10132,小林翼,カスタマーサポート,T07,男性,35,2016/12/4 5:01,正社員,東京,238076,228601,7.8,100,2,4,在籍,伊藤直樹
10133,佐々木大輝,マーケ,T04,男性,39,2016/7/6 11:06,正社員,札幌,336609,284669,10.3,93.5,2,3,在籍,山田花子
10134,高橋葵,営業,T03,男性,21,2015/9/12 1:39,正社員,東京,653777,783582,15.6,95.5,2,3,在籍,高橋美咲
10135,吉田花子,マーケ,T04,その他/未回答,49,2019/9/30 6:59,正社員,東京,373884,553715,18.7,95.7,3,2,在籍,山田花子
10136,加藤陽菜,総務,T05,女性,23,2018/5/9 1:28,正社員,東京,369249,341465,7.5,100,1,3,退職,佐藤直樹
10137,高橋花子,カスタマーサポート,T04,女性,38,2015/3/4 20:00,正社員,東京,293915,262232,1.6,93.7,3,3,在籍,伊藤直樹
10138,佐藤健,営業,T01,男性,46,2020/8/15 2:41,正社員,東京,496626,460925,10.6,98.1,1,3,在籍,佐藤陽菜
10139,山本陽菜,開発,T04,女性,23,2025/3/14 21:54,契約,名古屋,526339,487149,13.8,97.6,2,3,在籍,小林太郎
10140,鈴木蓮,総務,T03,男性,59,2015/9/25 6:11,派遣,東京,326786,487115,0,97.8,2,3,在籍,山田葵
10141,鈴木愛,営業,T05,男性,35,2023/8/19 22:13,正社員,東京,280008,337907,2.9,100,1,4,在籍,高橋美咲
10142,山本花子,営業,T07,女性,20,2020/9/14 22:14,正社員,東京,275900,237048,4.2,100,3,3,在籍,佐藤陽菜
10143,吉田葵,カスタマーサポート,T07,男性,46,2022/8/28 13:21,正社員,東京,287092,250201,8.3,95.9,3,2,在籍,鈴木真央
10144,佐々木陽菜,マーケ,T05,女性,42,2016/1/9 3:53,正社員,札幌,407528,379325,3.9,97.5,2,4,在籍,山田花子
10145,小林愛,営業,T03,女性,45,2024/3/13 0:57,契約,仙台,497890,267223,15.7,92.3,2,1,在籍,佐藤陽菜
10146,田中蓮,経理,T04,男性,50,2015/2/14 3:00,正社員,東京,340081,349540,0,97.2,3,4,在籍,山本愛
10147,伊藤美咲,営業,T02,女性,39,2021/12/17 10:08,正社員,福岡,382311,501355,0,95,2,4,在籍,高橋美咲
10148,中村直樹,営業,T07,男性,53,2018/7/28 9:32,正社員,名古屋,569069,660443,7.3,96.5,2,3,在籍,佐藤陽菜
10149,高橋翔,営業,T06,男性,34,2015/1/28 10:46,正社員,広島,522120,364659,8.6,92.8,2,3,在籍,高橋美咲
10150,山本翼,総務,T06,男性,41,2021/6/19 8:31,正社員,東京,265654,326232,0,98,3,4,在籍,山田葵
10151,加藤結衣,開発,T03,女性,26,2015/12/4 22:27,正社員,東京,537143,655023,5.1,92.8,2,3,在籍,小林太郎
10152,吉田直樹,開発,T03,女性,44,2021/6/11 1:00,アルバイト,大阪,661226,504210,6.8,97.4,1,4,在籍,小林太郎
10153,佐藤美咲,人事,T06,女性,30,2023/3/8 4:58,正社員,札幌,371942,417644,6.9,93.9,0,3,在籍,佐々木翼
10154,田中健,マーケ,T04,女性,47,2017/10/30 2:43,正社員,名古屋,335985,373262,11.2,94.9,1,2,在籍,加藤翼
10155,田中翼,人事,T05,男性,52,2017/7/11 15:53,正社員,大阪,390246,522846,4.7,99.9,0,4,在籍,佐々木翼
10156,中村大輝,マーケ,T04,女性,54,2017/8/23 2:20,正社員,東京,419892,267081,21.8,98.5,2,3,在籍,山田花子
10157,高橋彩,経理,T04,女性,57,2021/12/23 5:59,正社員,名古屋,341274,237130,13.9,99.9,0,3,在籍,山本健
10158,佐々木翼,マーケ,T05,男性,24,2018/3/15 5:28,正社員,札幌,414238,408426,3.5,100,1,5,在籍,山田花子
10159,山田太郎,開発,T06,女性,25,2023/4/7 6:02,契約,東京,738332,401759,10.8,95.1,1,3,在籍,小林太郎
10160,伊藤健,開発,T03,女性,57,2023/9/2 13:16,正社員,名古屋,428883,392682,11,100,2,4,在籍,小林太郎
10161,渡辺蓮,人事,T06,女性,35,2023/1/20 1:59,正社員,東京,289547,372999,19.7,93.3,2,2,在籍,佐々木翼
10162,渡辺花子,カスタマーサポート,T02,男性,21,2020/9/16 6:45,正社員,大阪,282854,183491,5.2,98.9,2,4,在籍,鈴木真央
10163,佐藤太郎,経理,T03,男性,31,2018/5/7 9:42,正社員,大阪,291749,280064,16.1,95.8,0,3,在籍,山本健
10164,山田大輝,総務,T07,女性,53,2024/11/3 0:58,正社員,福岡,360275,536726,10.3,94.7,0,3,在籍,佐藤直樹
10165,吉田真央,マーケ,T07,男性,34,2017/3/4 7:54,派遣,広島,493201,496120,21.9,98.5,1,2,在籍,山田花子
10166,伊藤愛,営業,T07,男性,23,2019/12/1 7:51,正社員,東京,522516,521640,20.3,99.4,3,3,在籍,佐藤陽菜
10167,中村結衣,開発,T03,男性,48,2019/10/20 5:15,正社員,東京,790327,836793,11.6,99.3,3,4,在籍,佐々木彩
10168,伊藤葵,開発,T06,女性,27,2022/11/21 16:51,正社員,東京,352994,242155,7.9,97.5,2,3,在籍,佐々木彩
10169,高橋陽菜,営業,T07,女性,34,2020/10/14 10:24,正社員,東京,534644,346002,14.1,97.3,1,4,在籍,高橋美咲
10170,田中彩,カスタマーサポート,T07,男性,20,2023/6/18 2:54,正社員,東京,283149,333366,8.6,98.3,3,3,在籍,伊藤直樹
10171,鈴木直樹,経理,T01,女性,44,2024/9/22 6:31,正社員,東京,318831,285598,23.4,97.8,3,2,在籍,山本愛
10172,吉田翼,営業,T06,男性,37,2019/2/18 18:23,正社員,東京,390297,308298,10.6,98.4,2,4,在籍,高橋美咲
10173,小林彩,経理,T07,男性,54,2024/4/4 4:35,正社員,東京,356325,189348,6.8,97.5,1,4,在籍,山本愛
10174,佐々木太郎,カスタマーサポート,T06,女性,33,2016/10/17 19:50,契約,東京,306997,413233,6.3,99.1,1,4,在籍,伊藤直樹
10175,佐藤彩,人事,T02,男性,28,2024/9/10 13:34,派遣,福岡,291321,155078,0.3,92.9,2,3,在籍,伊藤美咲
10176,小林健,総務,T06,男性,26,2016/11/18 22:17,契約,東京,333747,417178,14.5,96.7,1,3,在籍,佐藤直樹
10177,中村花子,営業,T01,男性,28,2023/12/31 6:20,アルバイト,大阪,666943,588236,3.4,93.5,1,2,退職,佐藤陽菜
10178,小林花子,カスタマーサポート,T04,女性,38,2019/2/17 7:20,契約,仙台,231247,254068,18.8,97.7,1,2,在籍,鈴木真央
10179,佐々木花子,開発,T05,男性,23,2024/7/17 18:24,派遣,大阪,741612,554486,0,100,1,4,在籍,小林太郎
10180,渡辺蓮,開発,T04,男性,36,2015/7/3 11:38,派遣,東京,611693,400903,11,95.8,1,3,在籍,小林太郎
10181,鈴木大輝,開発,T05,男性,54,2017/10/21 6:46,契約,東京,484265,500433,19.2,97.3,3,2,在籍,佐々木彩
10182,佐藤翔,開発,T02,男性,50,2015/11/19 23:12,契約,大阪,672727,804324,0,98.9,2,4,在籍,小林太郎
10183,山本太郎,営業,T05,男性,45,2018/5/26 17:20,派遣,大阪,528004,367223,26.1,91.8,1,1,在籍,高橋美咲
10184,高橋翼,営業,T05,女性,55,2019/2/17 10:00,正社員,東京,595928,558002,6.6,95.7,3,3,在籍,佐藤陽菜
10185,鈴木花子,開発,T05,女性,51,2021/7/20 0:17,正社員,東京,359018,339148,11.1,97.9,3,3,在籍,佐々木彩
10186,鈴木健,マーケ,T03,女性,46,2017/9/22 23:03,正社員,大阪,283564,203025,14.6,89.8,2,1,在籍,山田花子
10187,田中翔,営業,T03,男性,54,2016/9/5 7:34,派遣,東京,538906,573961,15.8,94.6,2,3,在籍,高橋美咲
10188,鈴木大輝,総務,T02,男性,24,2016/10/18 19:41,正社員,大阪,296439,191480,12.2,99.8,0,3,在籍,山田葵
10189,山本愛,開発,T04,男性,52,2024/12/5 22:21,契約,東京,434370,438604,18,99.5,1,3,在籍,佐々木彩
10190,小林翼,経理,T05,女性,31,2025/2/1 3:10,契約,東京,338978,207939,14.2,97.9,2,2,在籍,山本愛
10191,田中直樹,カスタマーサポート,T03,男性,49,2017/5/5 17:27,アルバイト,福岡,317025,312441,24.1,99.2,0,2,退職,伊藤直樹
10192,鈴木葵,経理,T03,男性,56,2017/1/25 7:07,正社員,東京,305168,247674,14.2,97.5,2,3,退職,山本健
10193,中村愛,人事,T03,女性,39,2015/7/29 11:11,契約,大阪,396515,377579,25.7,98.4,2,3,在籍,伊藤美咲
10194,鈴木彩,開発,T02,男性,23,2025/2/25 0:01,契約,東京,521952,487372,17.2,96.2,1,3,在籍,小林太郎
10195,加藤健,人事,T05,男性,34,2022/6/22 6:31,派遣,東京,289575,407702,0,97.3,3,4,在籍,佐々木翼
10196,伊藤翼,人事,T06,男性,36,2023/1/19 15:24,派遣,仙台,279246,276435,30.9,95.4,2,3,在籍,佐々木翼
10197,渡辺陽菜,マーケ,T03,女性,57,2018/1/28 1:38,正社員,東京,467170,615963,5.4,100,3,3,在籍,加藤翼
10198,田中結衣,開発,T07,男性,57,2021/10/13 6:07,正社員,東京,374344,271643,22,100,1,2,在籍,小林太郎
10199,田中花子,人事,T04,男性,42,2015/8/20 3:55,正社員,仙台,324465,276471,10.2,100,1,3,在籍,伊藤美咲
10200,鈴木真央,営業,T02,男性,58,2022/2/25 19:31,アルバイト,名古屋,550912,316823,18.5,96,0,2,在籍,高橋美咲
10201,中村愛,開発,T03,男性,37,2021/2/18 8:58,正社員,名古屋,566286,521406,4.5,94.6,0,2,在籍,佐々木彩
10202,鈴木陽菜,カスタマーサポート,T01,その他/未回答,36,2018/7/5 3:33,契約,東京,261508,305624,15,100,3,3,在籍,鈴木真央
10203,小林美咲,営業,T01,女性,53,2022/7/8 23:08,契約,東京,298567,399532,8,98.4,2,4,在籍,佐藤陽菜
10204,田中翔,人事,T03,男性,46,2021/11/3 10:34,正社員,大阪,362482,386374,22.6,97.8,2,3,在籍,伊藤美咲
10205,中村直樹,総務,T04,男性,40,2019/8/24 17:30,正社員,東京,318834,363493,13.5,95.4,1,3,在籍,佐藤直樹
10206,山本翔,経理,T06,その他/未回答,38,2016/12/22 13:33,正社員,東京,286735,194196,17.5,98.1,1,4,退職,山本愛
10207,小林直樹,人事,T01,女性,48,2015/4/2 2:01,派遣,福岡,293555,157699,0,94.3,0,3,退職,佐々木翼
10208,加藤葵,マーケ,T06,女性,50,2024/12/3 5:33,正社員,東京,399421,515927,9.3,98.6,3,3,在籍,山田花子
10209,中村太郎,人事,T02,男性,39,2017/12/23 10:52,正社員,東京,291890,194701,13.3,100,3,4,在籍,伊藤美咲
10210,山田葵,営業,T01,女性,21,2018/3/12 10:21,契約,東京,426151,251927,11.8,100,3,3,在籍,高橋美咲
10211,田中蓮,マーケ,T05,男性,24,2022/3/17 7:41,正社員,東京,298640,429313,17.7,98.8,1,3,在籍,山田花子
10212,加藤陽菜,マーケ,T06,女性,25,2017/9/13 7:06,派遣,大阪,453303,663418,7.1,93.5,1,3,在籍,山田花子
10213,伊藤愛,人事,T05,その他/未回答,38,2018/12/23 6:59,正社員,札幌,351953,392870,10.4,97.5,0,3,在籍,伊藤美咲
10214,小林陽菜,開発,T01,男性,44,2022/7/11 15:27,正社員,東京,696296,611791,19.4,100,2,3,在籍,佐々木彩
10215,山本蓮,開発,T01,女性,52,2021/4/20 3:03,正社員,東京,345176,460202,0,94.8,2,2,在籍,佐々木彩
10216,山田陽菜,開発,T03,男性,29,2021/12/12 4:10,正社員,大阪,500268,352548,14.7,96.9,1,3,在籍,小林太郎
10217,田中蓮,人事,T04,女性,51,2015/1/19 1:15,正社員,東京,304790,283269,7.3,100,2,4,在籍,伊藤美咲
10218,山本美咲,人事,T07,男性,46,2019/10/11 6:29,契約,大阪,350952,300771,2.7,98.5,1,4,在籍,佐々木翼
10219,高橋愛,カスタマーサポート,T03,男性,22,2020/1/11 21:51,正社員,仙台,328579,464183,12.7,100,1,3,在籍,伊藤直樹
10220,小林真央,営業,T02,男性,34,2021/9/10 9:42,正社員,大阪,352396,500323,19.8,95.2,1,2,在籍,佐藤陽菜
10221,佐藤花子,営業,T07,女性,32,2016/8/8 9:16,正社員,東京,596380,686365,18.3,94.5,2,2,在籍,高橋美咲
10222,渡辺愛,営業,T02,女性,55,2016/9/8 10:34,正社員,広島,511183,312199,8.9,100,0,4,在籍,佐藤陽菜
10223,佐藤蓮,マーケ,T01,男性,56,2023/1/25 19:09,派遣,東京,459533,451349,17,94,2,2,在籍,加藤翼
10224,伊藤健,カスタマーサポート,T03,男性,52,2022/2/15 9:56,正社員,仙台,239751,178693,16.9,96.5,2,2,在籍,鈴木真央
10225,山本直樹,経理,T03,男性,41,2023/8/2 5:16,アルバイト,大阪,418729,579904,9.3,96.8,2,2,在籍,山本愛
10226,伊藤美咲,カスタマーサポート,T05,女性,39,2017/11/20 12:15,正社員,大阪,282152,180126,4.5,99.6,0,4,在籍,鈴木真央
10227,渡辺愛,総務,T07,女性,32,2021/11/20 23:16,正社員,仙台,293609,162750,4.9,98.5,1,3,在籍,山田葵
10228,鈴木愛,マーケ,T07,男性,50,2016/9/18 19:48,正社員,大阪,312027,375814,16.7,98.1,0,3,在籍,加藤翼
10229,加藤健,マーケ,T03,女性,23,2024/9/20 0:19,正社員,東京,496529,473334,9.7,96,1,2,在籍,山田花子
10230,吉田大輝,人事,T07,女性,30,2018/7/8 15:18,契約,東京,384839,515055,1.6,100,3,4,在籍,伊藤美咲
10231,渡辺結衣,人事,T05,男性,25,2023/6/29 13:51,正社員,名古屋,287054,164949,0,100,1,4,在籍,伊藤美咲
10232,佐藤愛,営業,T01,女性,39,2023/5/15 15:02,正社員,大阪,450205,585750,16.7,98.7,2,4,在籍,佐藤陽菜
10233,佐藤直樹,カスタマーサポート,T07,男性,31,2019/10/22 9:38,正社員,東京,318024,170885,5.6,97.2,3,4,在籍,鈴木真央
10234,小林大輝,マーケ,T01,女性,27,2015/8/30 12:39,正社員,名古屋,405877,214331,12.6,93.8,2,2,退職,山田花子
10235,佐々木蓮,カスタマーサポート,T05,男性,35,2017/1/5 23:18,派遣,大阪,252684,242909,19.9,95.4,1,2,在籍,鈴木真央
10236,山田結衣,開発,T06,男性,54,2017/1/15 23:22,アルバイト,東京,492983,355584,0,96.5,3,3,退職,小林太郎
10237,渡辺大輝,営業,T02,男性,42,2017/11/30 2:31,正社員,東京,415661,454616,9.6,95.7,2,2,在籍,佐藤陽菜
10238,山本健,開発,T02,女性,52,2020/9/24 19:40,契約,東京,458595,241137,8.6,97,2,2,在籍,佐々木彩
10239,高橋真央,総務,T04,男性,56,2017/9/5 0:47,契約,東京,375284,200923,13,100,2,4,在籍,佐藤直樹
10240,佐藤愛,人事,T07,男性,56,2016/5/13 2:40,正社員,東京,296379,363701,19.9,100,2,4,在籍,佐々木翼
10241,加藤太郎,開発,T02,女性,34,2021/8/9 21:52,契約,東京,659172,468120,0,96.6,1,4,在籍,佐々木彩
10242,渡辺結衣,開発,T05,女性,55,2022/4/16 14:05,正社員,東京,757698,876214,14.6,94,1,2,在籍,佐々木彩
10243,山本直樹,経理,T04,女性,56,2024/12/27 8:32,契約,東京,391273,489060,18.3,100,3,2,在籍,山本健
10244,伊藤陽菜,営業,T01,男性,58,2016/4/26 4:03,アルバイト,名古屋,609759,341057,8.5,96.9,2,3,在籍,高橋美咲
10245,伊藤翼,マーケ,T05,男性,34,2019/7/8 13:33,正社員,東京,306526,389212,8.9,92.7,2,3,在籍,山田花子
10246,佐々木美咲,開発,T06,男性,29,2017/6/23 9:25,派遣,広島,383965,295046,13.3,98.8,0,3,在籍,佐々木彩
10247,吉田葵,マーケ,T05,男性,43,2024/7/14 18:31,派遣,仙台,450071,400358,12.8,99.6,2,3,在籍,加藤翼
10248,小林愛,営業,T02,男性,57,2020/9/17 7:05,正社員,大阪,586026,343785,14.7,90.9,1,1,在籍,高橋美咲
10249,渡辺真央,営業,T02,男性,56,2016/1/15 23:50,正社員,広島,583852,781561,14.5,94.9,1,3,在籍,高橋美咲
10250,加藤翼,営業,T03,女性,42,2022/4/29 3:37,派遣,札幌,438338,464957,2.1,96.7,1,3,在籍,高橋美咲
10251,伊藤愛,マーケ,T04,男性,25,2015/6/16 0:44,アルバイト,東京,390392,392213,17.9,98.8,2,2,在籍,加藤翼
10252,山本花子,開発,T04,女性,36,2017/11/25 16:14,正社員,名古屋,327390,480790,19.3,95.7,1,2,在籍,佐々木彩
10253,鈴木陽菜,営業,T02,男性,48,2022/8/20 2:10,正社員,東京,380962,317914,11.5,94.9,1,2,在籍,佐藤陽菜
10254,加藤太郎,経理,T04,男性,42,2020/5/9 17:02,正社員,名古屋,353971,492295,0,98.8,1,4,退職,山本健
10255,佐藤真央,経理,T03,女性,33,2023/1/20 8:21,正社員,大阪,297601,362980,9.1,95.8,0,3,在籍,山本愛
10256,加藤彩,開発,T05,男性,33,2021/1/16 15:34,正社員,東京,382422,546300,11.6,98.4,1,3,在籍,小林太郎
10257,中村花子,開発,T06,女性,22,2023/12/3 10:04,正社員,東京,341702,481048,0.8,94.2,3,3,在籍,佐々木彩
10258,佐藤花子,人事,T05,その他/未回答,31,2020/12/14 7:36,正社員,広島,297291,443269,7.1,93.6,0,3,在籍,伊藤美咲
10259,山本彩,総務,T01,男性,46,2015/8/8 14:24,正社員,東京,379145,239497,0,98.9,2,4,在籍,佐藤直樹
10260,高橋花子,マーケ,T07,男性,29,2015/10/3 10:13,正社員,東京,430089,557402,14.9,97.6,1,3,在籍,山田花子
10261,山本蓮,人事,T01,女性,59,2023/3/22 17:53,正社員,東京,393273,513022,11.3,99.3,2,5,在籍,伊藤美咲
10262,佐藤直樹,開発,T07,女性,23,2015/5/30 4:41,契約,大阪,443428,507447,0,95.7,0,3,在籍,佐々木彩
10263,加藤健,営業,T01,女性,43,2018/12/26 7:43,正社員,福岡,519482,404604,12.8,95,0,2,在籍,高橋美咲
10264,山本大輝,人事,T04,女性,39,2015/3/4 5:47,正社員,福岡,385945,565466,9.5,100,2,3,在籍,伊藤美咲
10265,伊藤美咲,カスタマーサポート,T01,女性,53,2018/3/18 9:35,正社員,東京,272243,191773,14.1,93.2,1,2,在籍,伊藤直樹
10266,山田蓮,人事,T01,女性,55,2021/4/19 4:54,正社員,東京,355432,355281,6.9,100,2,3,在籍,佐々木翼
10267,小林直樹,経理,T05,その他/未回答,41,2016/10/30 17:41,正社員,東京,376996,385096,3.6,100,1,4,在籍,山本愛
10268,中村大輝,人事,T06,女性,45,2019/12/7 11:19,正社員,大阪,378196,250301,3.8,99.2,0,3,在籍,伊藤美咲
10269,鈴木翼,人事,T01,女性,47,2025/7/16 14:25,正社員,福岡,396032,484160,5.7,95.3,0,3,在籍,伊藤美咲
10270,山本彩,総務,T07,男性,40,2015/9/4 1:26,正社員,名古屋,333822,196576,10.2,95,0,2,在籍,佐藤直樹
10271,加藤葵,総務,T03,男性,27,2017/11/14 8:57,正社員,東京,329904,393607,11.2,96.5,3,3,在籍,山田葵
10272,佐々木花子,人事,T03,男性,37,2023/10/2 9:15,正社員,大阪,382950,516452,8.5,93.8,2,3,在籍,伊藤美咲
10273,中村美咲,総務,T03,男性,29,2019/4/18 9:47,派遣,東京,342142,290614,6.6,94.6,3,4,在籍,山田葵
10274,高橋愛,マーケ,T04,男性,38,2021/10/7 15:30,契約,大阪,353187,427151,7.2,98.6,2,3,在籍,加藤翼
10275,小林大輝,マーケ,T02,男性,44,2015/5/11 21:49,正社員,大阪,414931,272515,30.1,98.6,2,2,在籍,山田花子
10276,佐藤真央,営業,T03,男性,28,2022/10/12 2:03,正社員,名古屋,497113,669088,3.8,94.4,2,2,在籍,高橋美咲
10277,伊藤太郎,営業,T02,男性,29,2015/9/18 14:25,正社員,大阪,352940,512480,5.5,98.7,1,3,在籍,佐藤陽菜
10278,山田翔,営業,T01,女性,52,2022/7/13 18:52,正社員,仙台,482150,314696,36.4,98.1,1,2,退職,高橋美咲
10279,吉田直樹,開発,T03,女性,35,2016/7/25 16:59,正社員,東京,619311,738131,13.4,100,1,4,在籍,佐々木彩
10280,山田彩,開発,T05,男性,27,2024/1/31 20:22,正社員,東京,753819,758214,0,98.4,3,4,在籍,小林太郎
10281,伊藤大輝,総務,T06,女性,48,2018/2/18 13:17,正社員,東京,329656,340039,16.7,99.6,3,4,在籍,山田葵
10282,小林翼,人事,T03,男性,48,2016/12/11 8:33,正社員,大阪,291439,351618,2.7,98.2,1,4,在籍,佐々木翼
10283,加藤健,経理,T03,女性,53,2018/7/25 8:44,正社員,大阪,418270,413560,17.3,99.4,0,3,在籍,山本愛
10284,田中彩,経理,T06,女性,50,2015/1/4 4:29,派遣,大阪,360928,397138,8.3,93.8,2,2,在籍,山本健
10285,佐々木蓮,マーケ,T05,女性,59,2016/9/30 4:48,契約,名古屋,336034,245607,6.5,96.7,1,3,在籍,山田花子
10286,佐々木美咲,営業,T06,男性,42,2021/5/2 7:30,正社員,東京,589494,517874,22.9,96.9,1,3,在籍,佐藤陽菜
10287,鈴木翔,総務,T07,女性,31,2018/3/8 12:17,正社員,名古屋,306164,417987,14.5,96.4,2,2,在籍,佐藤直樹
10288,加藤陽菜,営業,T06,男性,54,2018/9/29 15:55,正社員,名古屋,416522,254037,17.8,98.1,0,2,在籍,佐藤陽菜
10289,渡辺真央,営業,T07,男性,30,2023/7/17 22:36,契約,東京,627746,688998,13.5,98.6,3,3,在籍,高橋美咲
10290,小林直樹,人事,T03,女性,31,2016/4/23 10:30,正社員,東京,382785,261934,6.4,98,3,4,在籍,佐々木翼
10291,中村直樹,開発,T03,男性,53,2019/3/11 2:55,正社員,東京,571484,769525,14.9,96.6,3,3,在籍,小林太郎
10292,高橋健,総務,T03,女性,55,2016/12/20 10:13,正社員,東京,304761,328850,19.7,95.2,3,3,在籍,佐藤直樹
10293,鈴木健,カスタマーサポート,T02,女性,33,2018/7/6 5:03,派遣,福岡,333593,301250,11.1,99.7,1,4,在籍,鈴木真央
10294,山本愛,総務,T06,男性,49,2015/6/28 16:12,正社員,仙台,280797,210548,24.4,97.9,0,2,在籍,山田葵
10295,吉田大輝,開発,T06,男性,56,2015/9/29 10:50,正社員,大阪,678654,635793,16.8,94.5,1,3,在籍,小林太郎
10296,吉田葵,カスタマーサポート,T06,女性,51,2024/1/8 6:31,正社員,東京,300085,437407,11.7,96.5,3,2,在籍,伊藤直樹
10297,田中真央,カスタマーサポート,T02,男性,20,2015/8/8 23:16,正社員,名古屋,332486,335547,12,92.6,0,1,在籍,鈴木真央
10298,山田真央,開発,T04,女性,46,2023/4/14 4:09,正社員,名古屋,521872,505949,11.1,97.1,0,3,在籍,小林太郎
10299,伊藤真央,開発,T02,男性,26,2024/9/10 10:35,正社員,東京,719372,896534,0,96.5,1,3,在籍,佐々木彩
10300,中村花子,マーケ,T07,男性,53,2019/12/6 8:33,正社員,福岡,273493,240413,9.3,95.6,2,3,在籍,加藤翼
10301,伊藤陽菜,開発,T02,男性,22,2018/4/21 6:39,正社員,東京,683968,634328,11.8,100,3,4,在籍,小林太郎
10302,山本真央,人事,T02,男性,59,2023/3/20 11:11,正社員,東京,279079,233574,6.7,94.1,1,3,在籍,伊藤美咲
10303,山本彩,営業,T04,女性,27,2025/5/24 7:43,契約,東京,539081,350898,12.7,98.8,1,4,在籍,佐藤陽菜
10304,加藤美咲,営業,T07,男性,36,2016/4/10 10:49,正社員,東京,337874,410114,10.2,100,2,4,退職,佐藤陽菜
10305,山本翔,開発,T07,男性,29,2025/3/16 6:41,正社員,札幌,782464,1074347,16.2,99.7,0,3,在籍,佐々木彩
10306,山本蓮,営業,T01,男性,52,2024/12/26 13:01,正社員,東京,596198,838011,15.3,96.9,3,2,在籍,高橋美咲
10307,小林健,営業,T03,女性,35,2016/7/5 0:54,正社員,東京,297077,410204,11.3,94.2,2,2,在籍,高橋美咲
10308,渡辺美咲,マーケ,T02,女性,49,2015/7/31 13:31,正社員,東京,475169,452258,0,93.6,1,3,在籍,山田花子
10309,山本愛,経理,T03,女性,22,2015/10/28 4:31,アルバイト,東京,315271,247193,24.3,96,3,2,在籍,山本愛
10310,鈴木直樹,人事,T04,女性,38,2021/5/11 2:39,正社員,東京,340933,387955,8.9,95.3,3,4,在籍,伊藤美咲
10311,山田健,営業,T02,女性,56,2015/9/8 6:47,契約,東京,288373,419497,9.4,95.2,3,3,在籍,高橋美咲
10312,鈴木花子,営業,T01,女性,57,2022/4/23 8:25,契約,名古屋,297504,365052,7.3,96.2,0,3,在籍,佐藤陽菜
10313,山田葵,経理,T04,男性,28,2017/6/14 12:57,正社員,東京,313784,312167,6.1,96.7,1,3,在籍,山本健
10314,加藤葵,営業,T01,女性,35,2016/1/7 18:40,正社員,福岡,490488,583096,22.4,98.2,0,3,在籍,佐藤陽菜
10315,佐々木葵,営業,T02,男性,36,2015/9/15 11:13,正社員,東京,494302,629018,21.1,93.9,3,2,在籍,佐藤陽菜
10316,佐藤健,営業,T01,男性,42,2016/12/29 18:49,正社員,名古屋,635022,901267,13.6,95.3,1,3,在籍,佐藤陽菜
10317,高橋結衣,営業,T01,男性,41,2020/9/21 0:10,正社員,福岡,324312,409676,9.1,96.6,2,3,在籍,高橋美咲
10318,佐藤直樹,マーケ,T04,男性,24,2023/6/28 18:52,正社員,東京,442379,412823,15,96.5,2,3,在籍,加藤翼
10319,渡辺花子,経理,T06,男性,50,2021/5/23 23:29,正社員,東京,280823,217246,10.6,100,3,4,退職,山本愛
10320,山田翔,カスタマーサポート,T06,男性,29,2018/2/23 1:44,正社員,仙台,264931,264899,8.5,97.6,0,3,在籍,伊藤直樹
10321,加藤花子,カスタマーサポート,T01,男性,32,2025/6/10 4:11,契約,大阪,251001,207873,12.7,93,0,2,在籍,伊藤直樹
10322,加藤愛,営業,T01,男性,53,2021/12/20 6:06,正社員,大阪,305750,441125,6.5,98,1,4,在籍,佐藤陽菜
10323,山田直樹,営業,T03,男性,47,2022/2/10 5:17,契約,東京,513036,517122,12,98.4,3,3,在籍,佐藤陽菜
10324,佐藤翼,営業,T05,男性,35,2016/11/3 7:16,正社員,東京,655306,636994,11.6,96.7,2,3,退職,高橋美咲
10325,吉田結衣,開発,T06,男性,56,2022/7/10 2:14,正社員,大阪,640148,542971,14.8,94,1,2,在籍,小林太郎
10326,伊藤美咲,マーケ,T06,女性,35,2020/12/1 6:49,正社員,札幌,466440,531464,5,100,0,3,在籍,山田花子
10327,小林大輝,開発,T03,男性,42,2025/6/2 10:06,正社員,東京,603892,616000,15.7,94.3,3,3,在籍,佐々木彩
10328,加藤蓮,営業,T02,男性,29,2020/1/22 11:01,正社員,福岡,274171,172466,2.7,98.7,0,3,在籍,高橋美咲
10329,小林蓮,マーケ,T01,男性,27,2022/3/5 12:21,アルバイト,名古屋,349577,478643,5.4,97.5,1,3,在籍,山田花子
10330,渡辺真央,経理,T02,男性,39,2018/8/11 11:07,正社員,東京,395314,339579,5.8,98.5,1,3,在籍,山本愛
10331,中村葵,開発,T01,男性,42,2015/6/5 7:14,正社員,東京,341220,318214,1.4,100,2,4,在籍,佐々木彩
10332,山本葵,経理,T07,男性,52,2016/5/9 9:33,正社員,東京,293609,207190,18.1,98.4,2,3,在籍,山本愛
10333,小林真央,マーケ,T02,男性,35,2024/3/4 23:26,正社員,東京,461774,486431,2.2,95.6,1,3,在籍,加藤翼
10334,渡辺蓮,開発,T06,女性,55,2022/10/23 20:09,正社員,大阪,350376,421171,4.4,99.8,0,4,在籍,小林太郎
10335,渡辺真央,人事,T04,女性,44,2018/11/10 11:33,正社員,東京,394727,545183,20,95.4,1,2,在籍,伊藤美咲
10336,高橋陽菜,マーケ,T04,女性,22,2022/5/21 2:13,正社員,東京,444478,245177,5.4,97.4,3,3,在籍,山田花子
10337,渡辺直樹,総務,T04,女性,49,2015/1/17 20:46,正社員,名古屋,339813,500657,8.5,93.8,0,3,在籍,山田葵
10338,加藤蓮,開発,T06,女性,42,2015/5/24 16:57,正社員,大阪,577429,695119,1.9,94.4,1,2,在籍,小林太郎
10339,山田葵,総務,T01,男性,35,2020/5/14 11:02,アルバイト,大阪,270720,212325,16.7,97.1,0,3,在籍,佐藤直樹
10340,鈴木花子,カスタマーサポート,T01,男性,38,2021/8/12 11:40,正社員,大阪,279745,197073,16.8,97.9,1,3,在籍,鈴木真央
10341,高橋花子,人事,T03,女性,32,2024/11/30 13:30,正社員,東京,375008,298539,15.9,92.7,3,2,在籍,伊藤美咲
10342,山本花子,カスタマーサポート,T03,男性,44,2023/1/15 1:58,アルバイト,名古屋,338463,465632,14.3,98.2,1,2,在籍,鈴木真央
10343,加藤大輝,開発,T04,女性,42,2017/9/21 13:59,正社員,東京,534551,423038,10.6,95,2,2,在籍,佐々木彩
10344,高橋翼,マーケ,T06,男性,37,2023/8/17 12:01,正社員,東京,463039,445823,5.8,100,1,4,在籍,山田花子
10345,伊藤翼,開発,T05,女性,31,2020/3/14 16:45,契約,東京,692765,835293,3.5,96.1,3,4,在籍,小林太郎
10346,佐藤大輝,開発,T02,男性,35,2023/9/28 14:35,派遣,大阪,347659,476984,20.3,94.2,1,2,在籍,小林太郎
10347,佐藤美咲,カスタマーサポート,T03,女性,39,2016/11/2 15:32,契約,大阪,304421,352693,16.1,97.2,2,2,在籍,鈴木真央
10348,鈴木健,経理,T06,男性,38,2015/4/12 8:43,正社員,東京,366252,458953,4.5,94.7,2,3,在籍,山本健
10349,加藤葵,マーケ,T02,女性,32,2025/6/26 18:23,アルバイト,札幌,394862,265871,10.3,100,0,4,在籍,加藤翼
10350,山田葵,総務,T04,男性,43,2015/11/8 7:20,正社員,福岡,352672,485773,7.6,97,2,3,在籍,佐藤直樹
10351,山本健,マーケ,T04,女性,29,2024/12/9 14:25,アルバイト,東京,474584,368143,1,96.6,2,3,在籍,加藤翼
10352,高橋翼,人事,T06,男性,40,2022/9/10 21:31,派遣,名古屋,341563,214630,11.4,98.5,1,3,在籍,伊藤美咲
10353,山田愛,マーケ,T06,男性,24,2016/7/18 10:35,派遣,東京,343689,507368,6.7,94.5,3,2,在籍,加藤翼
10354,田中陽菜,マーケ,T04,男性,38,2024/2/22 15:32,正社員,広島,496091,348077,2.4,93.8,2,4,在籍,加藤翼
10355,高橋愛,営業,T03,男性,51,2016/7/7 20:24,正社員,東京,683632,435235,0,98,2,3,在籍,高橋美咲
10356,鈴木太郎,営業,T03,その他/未回答,52,2021/2/2 9:24,正社員,東京,558721,629131,0,94.3,2,3,退職,佐藤陽菜
10357,伊藤翼,開発,T03,女性,47,2018/1/19 8:25,正社員,東京,627505,513840,7,94.2,1,2,在籍,小林太郎
10358,加藤結衣,開発,T02,女性,49,2018/1/29 0:48,正社員,東京,369988,234331,9.3,99.1,3,4,在籍,佐々木彩
10359,渡辺翔,営業,T05,女性,22,2017/1/23 18:56,派遣,名古屋,430727,474282,3,98.3,0,4,在籍,高橋美咲
10360,渡辺太郎,マーケ,T02,女性,33,2021/6/6 16:21,正社員,大阪,315608,397345,15.2,93.9,2,2,在籍,加藤翼
10361,伊藤直樹,カスタマーサポート,T05,男性,46,2015/4/14 19:08,正社員,東京,291787,377338,9.5,95.5,1,3,在籍,鈴木真央
10362,佐々木翼,人事,T06,その他/未回答,52,2017/8/5 5:03,正社員,大阪,377411,247397,14.6,94.7,2,2,在籍,伊藤美咲
10363,小林美咲,人事,T07,その他/未回答,43,2020/11/9 0:17,正社員,札幌,299188,316201,8.5,100,1,3,在籍,伊藤美咲
10364,小林太郎,総務,T01,男性,54,2020/2/24 11:51,正社員,福岡,379610,498685,3.7,99.3,0,4,在籍,山田葵
10365,渡辺翼,マーケ,T06,男性,30,2022/5/29 4:46,正社員,大阪,299791,198187,10.9,95.9,2,2,在籍,山田花子
10366,山本結衣,営業,T01,男性,26,2017/4/15 18:43,契約,東京,294252,208236,0,98.4,3,3,在籍,佐藤陽菜
10367,山田大輝,開発,T03,男性,23,2021/11/9 1:06,契約,東京,787746,395772,14.3,93.6,1,3,在籍,小林太郎
10368,小林翔,マーケ,T02,女性,43,2023/1/16 4:18,正社員,札幌,293075,300294,2.5,95.3,1,3,在籍,加藤翼
10369,吉田結衣,営業,T02,男性,46,2019/2/8 19:50,正社員,名古屋,580832,403493,17.3,97.3,1,3,在籍,佐藤陽菜
10370,佐藤花子,開発,T02,男性,31,2017/9/19 13:44,正社員,大阪,686425,840350,7.3,98.1,1,4,在籍,小林太郎
10371,山田美咲,開発,T01,女性,51,2020/11/15 2:45,契約,札幌,478452,699599,18.5,96.8,2,2,在籍,小林太郎
10372,佐々木翔,経理,T06,女性,49,2021/2/15 7:09,派遣,東京,289009,204836,1,97.6,2,3,在籍,山本愛
10373,小林大輝,営業,T01,その他/未回答,34,2020/12/24 3:51,正社員,名古屋,388817,446788,4.6,97.2,0,3,在籍,佐藤陽菜
10374,佐々木葵,営業,T03,その他/未回答,29,2016/8/19 9:12,契約,東京,280852,199920,13,96.6,3,2,在籍,高橋美咲
10375,中村結衣,人事,T05,男性,49,2021/1/7 12:17,正社員,東京,357391,185130,19.4,96.3,1,2,在籍,佐々木翼
10376,田中結衣,人事,T07,男性,46,2020/9/6 18:49,正社員,大阪,385546,485230,23.3,95.9,0,2,在籍,佐々木翼
10377,中村彩,カスタマーサポート,T06,女性,26,2023/1/22 5:27,派遣,東京,349650,326574,10.3,97.6,2,3,在籍,伊藤直樹
10378,小林葵,営業,T01,女性,30,2018/4/12 0:09,正社員,仙台,610202,882832,24.7,98,0,2,在籍,高橋美咲
10379,鈴木葵,営業,T07,男性,39,2024/10/6 9:16,正社員,東京,598585,619108,7.7,97.5,2,3,在籍,高橋美咲
10380,高橋美咲,開発,T05,男性,40,2023/8/8 7:26,正社員,福岡,743150,488608,18.8,94.1,2,1,在籍,佐々木彩
10381,田中結衣,マーケ,T02,男性,26,2024/9/12 23:15,正社員,名古屋,447070,424615,2.5,94.5,1,3,在籍,山田花子
10382,中村陽菜,カスタマーサポート,T04,男性,57,2022/11/6 6:29,正社員,名古屋,308061,216533,13.4,98,0,3,在籍,鈴木真央
10383,鈴木真央,開発,T07,女性,35,2021/11/14 21:39,正社員,仙台,798202,1099945,0,100,0,5,在籍,小林太郎
10384,吉田翔,営業,T03,男性,35,2020/7/22 3:09,正社員,東京,395141,470574,1,97.4,3,4,在籍,高橋美咲
10385,鈴木大輝,営業,T02,女性,22,2024/10/27 15:25,正社員,東京,435742,366563,13.7,96,1,2,在籍,高橋美咲
10386,佐々木翔,カスタマーサポート,T07,女性,55,2023/12/23 6:19,派遣,東京,338757,348181,0,97.6,3,4,在籍,鈴木真央
10387,小林太郎,開発,T07,女性,29,2019/5/30 13:28,正社員,東京,469291,548826,13.4,94.2,2,2,在籍,佐々木彩
10388,伊藤翼,カスタマーサポート,T07,女性,59,2015/11/28 1:06,派遣,札幌,265846,341042,17.3,100,1,3,在籍,鈴木真央
10389,伊藤愛,人事,T07,男性,39,2015/1/14 23:26,正社員,大阪,289771,168109,6,97.5,0,3,在籍,伊藤美咲
10390,加藤大輝,開発,T07,女性,54,2017/6/21 9:48,正社員,東京,452245,236306,2.2,95.3,3,2,在籍,佐々木彩
10391,鈴木翔,マーケ,T04,女性,27,2015/8/30 20:05,正社員,東京,406537,249797,6.2,96.6,1,2,退職,加藤翼
10392,加藤健,人事,T02,男性,26,2017/3/28 10:54,派遣,大阪,385232,344781,2.3,95.7,0,3,在籍,伊藤美咲
10393,中村健,マーケ,T05,男性,52,2016/2/28 4:02,正社員,名古屋,301340,291307,9.2,100,2,4,在籍,山田花子
10394,高橋結衣,マーケ,T02,女性,52,2025/5/19 18:23,派遣,東京,426589,271507,10.8,96.5,3,3,在籍,加藤翼
10395,山田彩,総務,T04,女性,41,2016/1/4 12:59,正社員,福岡,351960,320689,7.6,97.4,1,4,在籍,佐藤直樹
10396,小林太郎,営業,T05,女性,21,2021/8/19 22:25,正社員,大阪,653052,614928,23.4,98.4,2,3,在籍,佐藤陽菜
10397,高橋直樹,開発,T07,男性,57,2018/9/21 7:54,正社員,福岡,680023,414195,4.2,95.1,1,3,在籍,小林太郎
10398,小林健,経理,T03,女性,35,2016/11/4 8:13,正社員,東京,301826,427584,21.1,97.5,3,2,在籍,山本愛
10399,渡辺翼,営業,T02,女性,57,2022/6/3 9:52,正社員,大阪,470010,516609,1.7,97.7,2,4,在籍,高橋美咲
10400,加藤大輝,営業,T06,女性,54,2025/4/9 4:40,正社員,東京,678533,602900,10.6,93.1,1,3,在籍,佐藤陽菜
10401,山本陽菜,営業,T01,男性,54,2023/5/14 20:34,正社員,東京,658785,663335,19.5,97.6,3,3,在籍,高橋美咲
10402,佐々木直樹,カスタマーサポート,T04,女性,47,2025/4/27 7:10,正社員,名古屋,303529,247132,19.1,96.9,2,3,退職,伊藤直樹
10403,佐々木太郎,開発,T06,男性,46,2021/3/31 4:10,正社員,大阪,782331,1059535,6.6,97.3,0,3,在籍,小林太郎
10404,佐藤太郎,人事,T04,女性,41,2022/2/16 8:47,正社員,東京,356844,383612,14.4,97.1,3,3,在籍,佐々木翼
10405,渡辺結衣,カスタマーサポート,T03,男性,20,2016/7/19 23:25,正社員,札幌,237786,236572,13.4,97.6,1,3,在籍,鈴木真央
10406,高橋葵,開発,T06,女性,35,2024/1/8 14:08,正社員,東京,758749,1070507,5.7,100,2,4,在籍,佐々木彩
10407,渡辺愛,経理,T03,女性,49,2022/11/30 15:21,正社員,大阪,303540,406130,14.9,94.1,1,3,在籍,山本愛
10408,鈴木大輝,開発,T05,女性,52,2017/9/8 19:16,正社員,広島,502761,660025,24.9,96.1,2,1,在籍,佐々木彩
10409,山本愛,人事,T04,男性,42,2018/10/3 7:25,正社員,大阪,300953,218374,13.8,98.7,0,3,在籍,伊藤美咲
10410,高橋直樹,カスタマーサポート,T01,男性,48,2021/6/19 2:10,派遣,福岡,316348,206614,14.5,98.2,0,3,在籍,鈴木真央
10411,小林健,マーケ,T04,女性,20,2015/2/20 5:15,正社員,大阪,276896,329532,15.4,98.1,1,2,在籍,山田花子
10412,渡辺大輝,マーケ,T01,女性,38,2023/8/28 5:35,正社員,福岡,417278,404193,0,100,0,4,在籍,加藤翼
10413,佐々木結衣,総務,T07,男性,40,2017/12/20 11:24,派遣,名古屋,363725,430545,13.7,98.5,0,3,在籍,山田葵
10414,山田花子,開発,T05,男性,55,2015/10/17 18:54,正社員,名古屋,698121,880070,1.9,99.8,1,4,在籍,佐々木彩
10415,中村大輝,総務,T03,女性,32,2018/7/1 18:30,正社員,東京,296838,236079,5.3,96.2,2,4,在籍,佐藤直樹
10416,渡辺健,経理,T04,女性,29,2023/11/5 5:53,アルバイト,名古屋,405571,318231,27.3,94.5,2,2,退職,山本健
10417,加藤葵,人事,T05,男性,34,2017/11/25 23:00,アルバイト,東京,317065,314158,8,96.2,3,3,在籍,佐々木翼
10418,小林大輝,開発,T02,男性,26,2020/9/14 23:19,契約,広島,646429,500044,4.1,98.8,2,4,在籍,佐々木彩
10419,鈴木花子,人事,T03,男性,42,2023/8/4 21:04,正社員,東京,335867,392055,19.2,98,2,3,在籍,伊藤美咲
10420,伊藤愛,カスタマーサポート,T03,男性,45,2015/5/11 7:02,正社員,東京,238116,296866,2.4,98,3,5,在籍,伊藤直樹
10421,佐々木翼,マーケ,T02,男性,52,2023/1/16 2:46,アルバイト,札幌,270675,263106,6.4,96.5,2,3,退職,山田花子
10422,伊藤直樹,総務,T06,女性,58,2022/5/12 7:24,アルバイト,東京,281976,345082,20,96.1,3,2,在籍,山田葵
10423,佐藤愛,総務,T01,男性,22,2016/12/27 23:25,正社員,東京,372158,376042,10.3,96.6,2,2,在籍,山田葵
10424,吉田直樹,総務,T06,女性,29,2016/6/21 6:06,正社員,名古屋,374477,454192,0,98.8,1,4,在籍,佐藤直樹
10425,佐々木葵,マーケ,T03,女性,32,2023/5/5 18:32,正社員,東京,364324,264123,14.4,99.1,1,3,在籍,加藤翼
10426,小林彩,開発,T04,女性,29,2023/7/20 6:40,正社員,東京,784952,972432,6.8,94.5,1,2,在籍,小林太郎
10427,小林真央,経理,T02,女性,53,2025/5/20 19:45,正社員,大阪,286923,348647,22.3,98.9,0,3,在籍,山本健
10428,伊藤翼,開発,T03,男性,25,2022/3/2 6:50,正社員,東京,784358,601293,5.2,95.4,2,3,在籍,小林太郎
10429,伊藤葵,総務,T06,女性,21,2019/12/6 14:58,正社員,東京,287709,303812,18.4,98.2,1,3,在籍,山田葵
10430,山田陽菜,開発,T02,女性,54,2017/1/23 1:08,正社員,東京,337663,457638,24.2,96.5,1,2,在籍,佐々木彩
10431,山田花子,カスタマーサポート,T01,男性,58,2018/2/15 0:22,正社員,東京,320944,240554,3.2,100,2,4,在籍,伊藤直樹
10432,山本大輝,開発,T04,男性,29,2021/11/9 21:11,正社員,東京,503575,622408,8.5,96,3,3,在籍,佐々木彩
10433,伊藤蓮,マーケ,T02,男性,33,2018/8/30 16:30,正社員,東京,337236,490329,13.1,97.4,1,3,在籍,山田花子
10434,高橋太郎,開発,T03,男性,40,2020/2/12 18:32,正社員,大阪,684642,935386,3.1,98.5,1,3,在籍,小林太郎
10435,佐藤直樹,総務,T04,男性,41,2016/10/11 13:37,アルバイト,大阪,299967,270426,12.2,94.8,1,2,在籍,山田葵
10436,山本愛,経理,T04,女性,59,2019/8/26 2:06,正社員,東京,385404,426722,8.2,96.8,2,4,在籍,山本健
10437,中村直樹,人事,T05,男性,36,2017/7/8 18:17,正社員,東京,295381,440640,8,96.3,1,3,在籍,佐々木翼
10438,小林愛,営業,T05,男性,20,2016/3/9 8:32,正社員,札幌,288659,308414,10.4,95.7,2,3,在籍,佐藤陽菜
10439,吉田葵,開発,T06,女性,36,2016/5/24 23:30,正社員,大阪,475962,292729,10.6,95.9,1,4,在籍,小林太郎
10440,伊藤美咲,マーケ,T01,女性,42,2020/6/26 5:54,正社員,東京,410182,223725,11.3,99.8,2,3,在籍,山田花子
10441,高橋直樹,開発,T03,女性,40,2018/11/17 5:14,正社員,大阪,427989,552240,5.2,95.5,2,1,在籍,佐々木彩
10442,吉田彩,人事,T01,男性,40,2016/1/22 5:40,正社員,東京,288573,266534,5.6,98.4,3,4,在籍,佐々木翼
10443,加藤翔,開発,T01,女性,56,2020/6/10 18:21,正社員,福岡,679592,507528,9.1,97.8,0,3,在籍,佐々木彩
10444,山本真央,人事,T02,女性,52,2016/9/26 20:08,正社員,仙台,334117,283221,9.6,93.5,0,2,在籍,佐々木翼
10445,佐藤翔,経理,T05,男性,30,2015/3/1 16:36,正社員,仙台,340403,428013,6.5,98.3,2,3,在籍,山本愛
10446,山本翼,開発,T07,男性,34,2019/9/30 13:06,正社員,東京,435049,419929,12.6,93.5,1,2,在籍,佐々木彩
10447,小林直樹,カスタマーサポート,T06,女性,46,2025/2/4 15:05,正社員,東京,232123,317660,0,98.6,1,4,在籍,鈴木真央
10448,山田結衣,マーケ,T05,男性,36,2017/7/23 1:29,正社員,東京,282227,348529,4.2,95.7,1,3,在籍,山田花子
10449,山本美咲,総務,T06,女性,37,2018/1/6 0:02,正社員,東京,341779,503787,7.8,97,2,4,在籍,佐藤直樹
10450,山本健,マーケ,T02,男性,26,2017/7/26 20:38,正社員,東京,288404,400450,3.2,93.8,2,3,在籍,山田花子
10451,伊藤陽菜,総務,T06,男性,30,2018/10/4 20:45,正社員,大阪,289631,218540,23,97.3,2,2,在籍,山田葵
10452,渡辺翼,開発,T07,女性,49,2022/8/4 11:14,正社員,東京,757228,877672,10.2,99.3,1,3,在籍,小林太郎
10453,佐藤大輝,開発,T01,男性,53,2018/5/29 20:11,アルバイト,仙台,485108,252519,11.4,95,0,3,在籍,小林太郎
10454,鈴木太郎,人事,T04,その他/未回答,51,2021/12/16 12:03,アルバイト,東京,366803,546942,6.1,95.5,3,3,在籍,伊藤美咲
10455,加藤大輝,総務,T06,男性,32,2024/7/3 17:42,アルバイト,東京,301198,229213,9.9,98.1,1,4,在籍,山田葵
10456,伊藤大輝,人事,T04,その他/未回答,25,2025/1/4 23:51,正社員,札幌,391137,455594,0.3,98.2,0,4,在籍,伊藤美咲
10457,山田結衣,カスタマーサポート,T06,男性,26,2020/12/15 20:43,正社員,名古屋,328623,443362,8.6,90.9,0,2,在籍,伊藤直樹
10458,渡辺大輝,営業,T07,女性,35,2022/7/19 16:04,正社員,東京,461495,304801,2.5,100,1,4,在籍,高橋美咲
10459,佐々木彩,開発,T04,男性,40,2024/9/22 13:16,正社員,大阪,648516,874121,7.8,98.3,0,3,在籍,小林太郎
10460,高橋真央,マーケ,T01,男性,55,2018/3/5 5:02,正社員,東京,365057,186998,0,98.7,3,3,在籍,加藤翼
10461,高橋蓮,マーケ,T03,男性,55,2016/5/25 6:57,正社員,東京,487213,458943,1,96.6,3,3,在籍,山田花子
10462,中村直樹,人事,T02,女性,20,2016/3/19 20:03,正社員,大阪,316592,307739,21.7,92.4,1,1,退職,伊藤美咲
10463,吉田彩,カスタマーサポート,T04,男性,48,2024/5/2 3:09,正社員,東京,330374,288776,16.6,98.7,1,3,在籍,伊藤直樹
10464,鈴木健,営業,T05,女性,31,2020/11/19 18:49,正社員,大阪,527338,572891,20.6,95.6,2,3,在籍,佐藤陽菜
10465,山本美咲,マーケ,T04,男性,27,2018/2/19 9:03,契約,東京,418047,591470,21.1,98.4,3,2,在籍,加藤翼
10466,高橋翔,マーケ,T02,女性,42,2018/8/28 12:00,正社員,名古屋,350858,290155,15.4,96.5,2,2,在籍,山田花子
10467,加藤結衣,マーケ,T03,男性,21,2017/12/24 16:47,派遣,福岡,461560,498143,6.4,97.6,0,3,在籍,加藤翼
10468,中村健,カスタマーサポート,T05,男性,33,2023/6/27 8:52,正社員,東京,319552,440170,1.7,95.1,1,3,在籍,鈴木真央
10469,小林結衣,人事,T01,男性,42,2021/6/24 23:01,正社員,東京,375987,478629,19.2,99.2,3,3,在籍,伊藤美咲
10470,田中美咲,営業,T02,男性,30,2024/4/21 23:18,正社員,東京,610592,330167,10.5,94,2,2,在籍,佐藤陽菜
10471,田中翔,営業,T07,女性,43,2020/1/1 11:55,正社員,福岡,320923,463024,30,100,1,2,在籍,高橋美咲
10472,小林結衣,営業,T01,男性,38,2016/4/15 12:06,正社員,名古屋,644130,352111,7.1,100,2,4,在籍,佐藤陽菜
10473,伊藤健,人事,T03,男性,51,2020/6/1 8:28,正社員,名古屋,379439,413117,25.8,100,0,3,在籍,佐々木翼
10474,小林太郎,人事,T02,女性,27,2020/11/7 9:29,正社員,東京,301564,324287,8.7,100,3,3,在籍,佐々木翼
10475,高橋翼,経理,T01,女性,22,2019/5/18 19:43,正社員,東京,417431,536979,20.7,96.8,2,2,在籍,山本愛
10476,田中健,営業,T03,女性,41,2017/11/13 2:34,正社員,大阪,487159,315894,23.6,99.9,1,3,退職,佐藤陽菜
10477,鈴木直樹,営業,T04,男性,30,2020/3/4 21:22,派遣,東京,394860,268256,1.8,96.8,3,3,在籍,佐藤陽菜
10478,鈴木翼,マーケ,T02,男性,48,2022/2/20 23:49,正社員,名古屋,321392,402417,6.1,93.1,2,2,在籍,山田花子
10479,田中大輝,マーケ,T01,男性,23,2015/5/25 4:54,正社員,東京,353884,229849,1.7,100,3,5,在籍,山田花子
10480,山本花子,営業,T01,女性,43,2017/12/2 11:17,正社員,東京,266900,258744,0.2,99.8,1,4,在籍,佐藤陽菜
10481,鈴木蓮,営業,T05,男性,59,2023/7/5 11:08,正社員,大阪,560817,690729,15.3,96.9,1,3,在籍,高橋美咲
10482,鈴木彩,経理,T07,女性,23,2015/12/6 11:34,正社員,大阪,379095,436430,8.4,93.9,1,3,在籍,山本愛
10483,山田大輝,マーケ,T02,男性,32,2016/1/28 1:06,正社員,大阪,423588,301003,10.4,95.5,2,3,在籍,加藤翼
10484,山本翼,営業,T03,女性,53,2023/7/28 0:38,契約,東京,497041,399601,14.4,92.4,1,2,在籍,高橋美咲
10485,加藤翔,総務,T03,男性,41,2018/4/8 7:30,正社員,仙台,303529,445876,0,99.4,1,4,在籍,佐藤直樹
10486,加藤結衣,営業,T03,男性,26,2020/12/24 22:45,正社員,福岡,575767,546213,20.3,93,0,2,在籍,高橋美咲
10487,鈴木愛,営業,T02,女性,28,2017/1/23 8:55,正社員,札幌,642122,349608,7.2,97.7,1,4,在籍,佐藤陽菜
10488,小林彩,経理,T01,男性,50,2015/6/16 2:22,派遣,大阪,292267,210310,14.3,94.9,2,2,在籍,山本愛
10489,山田彩,マーケ,T04,その他/未回答,54,2015/1/18 4:45,契約,大阪,358062,301643,15,93.4,1,3,在籍,加藤翼
10490,渡辺葵,マーケ,T03,女性,34,2016/9/4 17:20,アルバイト,大阪,498971,748201,21,97.6,0,2,退職,山田花子
10491,山田太郎,開発,T03,女性,38,2022/5/14 11:45,正社員,東京,733745,588970,9.2,96.2,2,3,在籍,小林太郎
10492,佐々木蓮,マーケ,T02,男性,51,2018/2/25 13:53,正社員,東京,498700,262513,0,99.1,3,4,在籍,山田花子
10493,中村結衣,マーケ,T07,女性,27,2015/10/5 10:02,正社員,大阪,312157,316190,10.5,93.8,2,3,在籍,山田花子
10494,鈴木直樹,営業,T05,女性,28,2015/2/25 18:01,派遣,東京,459249,268020,11.6,95.1,2,3,在籍,佐藤陽菜
10495,小林陽菜,開発,T03,男性,50,2023/11/22 2:15,正社員,東京,382570,296135,1.7,91,3,2,在籍,佐々木彩
10496,山田愛,営業,T02,男性,27,2018/8/2 1:24,正社員,札幌,639726,954716,11.2,91.5,1,2,在籍,佐藤陽菜
10497,中村結衣,営業,T06,女性,50,2015/9/4 18:48,正社員,東京,483467,582402,7.1,100,1,4,在籍,高橋美咲
10498,吉田健,マーケ,T07,女性,39,2017/5/31 12:38,正社員,大阪,326020,179528,0,100,2,4,在籍,山田花子
10499,山本結衣,営業,T01,男性,59,2020/4/14 1:19,正社員,大阪,290645,275731,15.4,97.2,2,2,在籍,高橋美咲
10500,渡辺葵,営業,T07,男性,21,2016/12/30 15:07,正社員,東京,581904,390828,5.5,94.9,3,3,在籍,高橋美咲
10501,佐々木結衣,開発,T05,男性,57,2025/5/9 19:39,正社員,札幌,709685,442094,6.7,96.3,2,3,在籍,佐々木彩
10502,鈴木蓮,開発,T01,女性,29,2023/1/29 14:01,派遣,東京,742028,806632,6.3,99.2,1,3,在籍,佐々木彩
10503,渡辺蓮,カスタマーサポート,T06,男性,21,2018/8/24 19:09,正社員,札幌,346565,348525,19.9,95.7,2,3,在籍,伊藤直樹
10504,高橋翔,営業,T01,男性,48,2025/1/25 17:03,派遣,福岡,616599,766350,9.7,97.6,1,3,在籍,高橋美咲
10505,小林結衣,営業,T01,女性,41,2016/6/25 19:04,正社員,東京,603842,840732,10.6,97,1,4,在籍,佐藤陽菜
10506,山田太郎,開発,T01,男性,53,2024/12/5 11:12,契約,東京,709651,529883,6.5,95.6,3,2,在籍,佐々木彩
10507,佐々木翔,営業,T04,男性,24,2025/2/26 4:01,正社員,東京,699414,995260,13.7,95.7,3,2,在籍,高橋美咲
10508,田中大輝,開発,T05,女性,23,2018/4/23 10:03,派遣,東京,542252,552008,20.8,97.7,2,2,退職,佐々木彩
10509,加藤陽菜,営業,T03,女性,42,2021/4/17 18:10,正社員,東京,591359,448743,15.2,94.6,3,2,在籍,佐藤陽菜
10510,山田陽菜,人事,T01,男性,55,2016/10/31 18:36,正社員,広島,376598,506820,15.5,98.1,0,3,在籍,伊藤美咲
10511,吉田健,総務,T02,女性,36,2021/10/16 0:25,正社員,東京,273953,146710,14.8,95.8,2,3,在籍,山田葵
10512,山本彩,開発,T06,女性,51,2022/4/21 7:23,正社員,福岡,651538,690310,0,97.3,2,4,在籍,佐々木彩
10513,高橋彩,総務,T07,女性,56,2022/7/6 20:46,正社員,東京,300659,367291,3,100,3,4,在籍,山田葵
10514,山本健,経理,T06,女性,54,2022/6/14 10:04,契約,広島,298543,232856,8.4,96.6,1,2,在籍,山本健
10515,吉田愛,営業,T01,女性,40,2020/11/15 6:20,アルバイト,東京,326663,445402,4.2,99.3,2,3,在籍,高橋美咲
10516,小林愛,人事,T06,男性,47,2023/9/4 13:40,正社員,東京,284843,210864,1.5,92.5,1,2,在籍,伊藤美咲
10517,渡辺彩,営業,T05,女性,41,2016/11/25 2:30,正社員,大阪,653985,876257,0,95.8,2,3,在籍,佐藤陽菜
10518,高橋直樹,開発,T04,女性,46,2020/2/12 14:33,正社員,東京,690522,399498,0,97.1,2,3,在籍,佐々木彩
10519,小林愛,総務,T02,男性,42,2019/5/29 8:49,派遣,福岡,272257,179669,7.9,100,0,3,在籍,佐藤直樹
10520,渡辺大輝,開発,T07,女性,41,2020/8/23 10:20,派遣,東京,620222,546406,9.4,92.1,2,2,在籍,佐々木彩
10521,山本愛,開発,T04,男性,37,2016/7/3 3:37,正社員,大阪,637006,862541,3.7,96.8,0,4,在籍,小林太郎
10522,佐々木太郎,営業,T01,女性,46,2018/6/5 14:11,アルバイト,大阪,483719,311798,10.6,100,0,4,在籍,佐藤陽菜
10523,佐藤愛,人事,T02,女性,50,2025/2/4 18:05,正社員,大阪,348794,479744,6.5,95,2,2,在籍,佐々木翼
10524,田中花子,マーケ,T03,女性,56,2016/2/11 19:41,契約,東京,478670,349300,18.7,96.5,2,2,在籍,山田花子
10525,山田真央,人事,T01,男性,44,2021/9/21 11:05,アルバイト,東京,337450,321423,8.7,97.8,1,3,在籍,佐々木翼
10526,山田翔,営業,T03,女性,24,2022/1/12 20:01,契約,東京,546815,466287,15.6,97.5,2,3,在籍,佐藤陽菜
10527,田中健,カスタマーサポート,T04,男性,43,2020/1/9 0:04,正社員,東京,298531,184529,11.6,100,2,3,在籍,伊藤直樹
10528,佐々木葵,カスタマーサポート,T07,女性,32,2015/5/10 21:39,正社員,東京,277537,400849,0,98.1,2,5,在籍,伊藤直樹
10529,高橋愛,開発,T01,男性,21,2015/5/13 18:52,正社員,仙台,747610,701391,9.3,100,1,4,在籍,佐々木彩
10530,佐藤葵,営業,T05,男性,22,2017/12/1 7:54,契約,大阪,436269,519304,0.1,96.1,0,3,在籍,佐藤陽菜
10531,田中直樹,マーケ,T07,女性,43,2016/2/1 5:12,正社員,大阪,453988,488158,9.1,95.1,1,3,在籍,加藤翼
10532,山本直樹,開発,T06,男性,57,2016/9/10 20:50,正社員,東京,610517,611564,4,96.4,2,3,退職,小林太郎
10533,佐藤真央,営業,T07,女性,40,2017/1/7 3:51,派遣,東京,558230,623307,13.1,94.1,3,2,在籍,佐藤陽菜
10534,高橋愛,マーケ,T02,女性,37,2023/11/15 16:59,正社員,大阪,444863,622070,0,98.2,1,3,在籍,山田花子
10535,吉田健,総務,T06,女性,23,2015/4/28 12:48,正社員,東京,348312,417734,10.1,96,1,2,在籍,佐藤直樹
10536,小林健,経理,T07,男性,47,2021/8/26 1:29,正社員,東京,359009,370669,14.6,95.3,2,2,在籍,山本健
10537,中村花子,営業,T03,男性,22,2016/6/12 9:06,正社員,大阪,526968,603476,17.3,98.2,1,4,在籍,高橋美咲
10538,佐々木大輝,人事,T04,女性,53,2019/6/16 9:03,正社員,大阪,336138,371901,3.9,94.1,2,3,在籍,佐々木翼
10539,高橋大輝,人事,T04,男性,52,2015/5/28 1:05,正社員,広島,314087,293081,10.1,98.9,1,4,在籍,伊藤美咲
10540,山田直樹,開発,T04,男性,59,2015/12/15 12:21,正社員,東京,668912,752368,11.5,95.8,1,2,在籍,小林太郎
10541,伊藤花子,カスタマーサポート,T03,女性,31,2016/5/27 11:31,正社員,大阪,335465,316534,22.4,99.9,2,3,在籍,鈴木真央
10542,佐々木愛,マーケ,T07,男性,26,2019/8/2 23:45,正社員,東京,432210,543553,0,96,1,3,在籍,山田花子
10543,吉田陽菜,開発,T07,男性,31,2019/11/25 19:22,正社員,東京,690641,1014491,2.7,98.6,2,3,在籍,小林太郎
10544,高橋陽菜,カスタマーサポート,T03,男性,51,2018/9/25 8:36,正社員,名古屋,329641,481231,32.4,97.4,0,2,退職,伊藤直樹
10545,高橋蓮,人事,T06,その他/未回答,28,2021/7/24 22:54,正社員,東京,317756,419671,7.8,98.9,2,4,在籍,佐々木翼
10546,中村健,営業,T03,女性,55,2022/8/16 13:47,正社員,大阪,278148,306452,0,97.3,1,5,在籍,高橋美咲
10547,山本結衣,営業,T06,女性,26,2022/9/17 13:15,契約,東京,401907,502115,5.3,92.8,3,2,在籍,高橋美咲
10548,田中健,総務,T05,男性,21,2021/2/15 22:30,正社員,東京,350594,237719,0,99.5,2,4,在籍,山田葵
10549,田中葵,開発,T04,女性,28,2020/10/9 13:46,正社員,仙台,711546,696616,11.9,96.8,1,2,在籍,佐々木彩
10550,山田直樹,営業,T01,女性,50,2020/2/26 4:27,派遣,東京,481192,364408,16.5,99,2,3,在籍,佐藤陽菜
10551,加藤健,営業,T05,その他/未回答,44,2015/2/9 0:41,正社員,福岡,600365,302280,2.7,98.7,2,4,在籍,高橋美咲
10552,高橋花子,人事,T03,女性,34,2025/3/23 17:41,正社員,東京,279710,410261,6.2,95.1,2,3,在籍,伊藤美咲
10553,加藤翔,人事,T02,男性,46,2023/1/2 1:51,正社員,仙台,353736,482442,17.4,94.7,1,3,在籍,伊藤美咲
10554,高橋太郎,カスタマーサポート,T02,男性,45,2025/2/14 15:51,正社員,東京,311481,315747,0,98.6,3,4,在籍,伊藤直樹
10555,渡辺彩,総務,T07,女性,42,2020/4/4 19:49,正社員,東京,320940,242037,0,96.2,3,4,在籍,山田葵
10556,佐藤翔,経理,T01,男性,40,2024/2/13 23:05,契約,福岡,380315,453706,8.2,99.3,1,3,在籍,山本健
10557,小林蓮,経理,T06,その他/未回答,24,2020/1/27 4:41,派遣,東京,348805,326063,4,96.6,3,3,在籍,山本愛
10558,高橋美咲,営業,T07,男性,30,2015/4/13 8:12,正社員,東京,485632,632948,7.6,99.6,1,3,在籍,高橋美咲
10559,田中美咲,マーケ,T01,女性,41,2016/6/8 4:20,正社員,広島,408912,613170,0,98.1,2,4,在籍,加藤翼
10560,高橋美咲,営業,T05,女性,25,2024/12/21 19:09,正社員,大阪,607209,515570,11.7,97.7,0,3,在籍,高橋美咲
10561,高橋真央,総務,T05,男性,39,2018/5/18 14:34,正社員,名古屋,289844,215760,8.8,96.1,1,3,在籍,山田葵
10562,鈴木翔,経理,T03,女性,24,2019/9/21 0:36,正社員,大阪,322034,247123,14.4,97.6,2,3,在籍,山本愛
10563,中村愛,開発,T05,男性,51,2017/9/16 4:54,正社員,福岡,521044,309159,11.6,100,1,3,在籍,佐々木彩
10564,山田健,マーケ,T03,女性,24,2024/3/18 16:29,派遣,札幌,316438,282910,11.7,96.9,1,2,退職,加藤翼
10565,田中葵,マーケ,T04,女性,23,2025/7/29 17:10,正社員,大阪,346871,179479,0,98.3,2,4,在籍,山田花子
10566,吉田大輝,マーケ,T04,男性,45,2015/11/25 4:48,正社員,東京,350668,215448,13.9,97.1,3,2,在籍,加藤翼
10567,中村陽菜,開発,T06,男性,28,2022/8/9 17:39,正社員,東京,470833,363339,7.4,97.3,1,3,在籍,小林太郎
10568,田中翼,総務,T05,その他/未回答,34,2018/7/21 2:16,正社員,大阪,309206,204033,8.7,100,0,3,在籍,山田葵
10569,佐藤結衣,営業,T03,女性,32,2015/7/3 1:27,派遣,福岡,477152,587927,18.4,100,1,4,在籍,佐藤陽菜
10570,吉田花子,営業,T07,男性,28,2024/10/4 8:13,正社員,大阪,563170,341058,4.2,97.2,0,3,在籍,佐藤陽菜
10571,佐藤蓮,営業,T06,男性,50,2015/8/28 4:29,契約,東京,386322,527713,20.8,97.5,3,3,在籍,佐藤陽菜
10572,渡辺陽菜,開発,T07,女性,47,2017/3/6 19:30,契約,東京,725849,523420,21.6,95.2,3,2,在籍,小林太郎
10573,佐藤翼,営業,T06,女性,29,2015/4/9 13:31,派遣,大阪,465742,283446,16,96.6,0,2,在籍,高橋美咲
10574,吉田翼,開発,T03,男性,47,2019/12/27 12:13,正社員,福岡,666040,339751,2.2,97.8,1,4,在籍,小林太郎
10575,佐々木蓮,開発,T06,女性,48,2021/5/6 12:38,正社員,東京,375107,455831,0,99.1,2,4,在籍,佐々木彩
10576,伊藤真央,営業,T03,男性,41,2018/5/24 9:38,派遣,大阪,328294,248392,18.6,98.9,1,4,在籍,佐藤陽菜
10577,伊藤大輝,カスタマーサポート,T02,その他/未回答,43,2015/10/4 14:19,契約,福岡,284427,287128,10.9,94.2,0,2,在籍,伊藤直樹
10578,中村直樹,マーケ,T04,女性,57,2016/3/24 22:32,正社員,仙台,354229,216652,4,99.4,1,3,在籍,加藤翼
10579,山本太郎,開発,T07,女性,38,2024/11/16 13:06,契約,東京,558138,829000,19.4,96.8,3,2,在籍,小林太郎
10580,伊藤真央,営業,T04,女性,35,2023/7/12 20:50,正社員,仙台,321286,200927,3.1,94.5,0,3,在籍,佐藤陽菜
10581,伊藤太郎,営業,T03,女性,41,2024/11/30 3:27,正社員,大阪,463123,422333,6.6,100,1,3,在籍,高橋美咲
10582,高橋翼,営業,T04,女性,53,2020/8/13 13:21,派遣,福岡,559025,755605,14.2,100,1,4,退職,佐藤陽菜
10583,田中蓮,人事,T03,男性,48,2020/10/11 11:58,正社員,東京,364699,271659,1.1,97.7,1,4,在籍,伊藤美咲
10584,中村愛,営業,T05,女性,23,2023/4/26 21:03,正社員,大阪,361677,277396,9.1,98.8,0,3,在籍,高橋美咲
10585,加藤彩,カスタマーサポート,T03,男性,38,2021/7/11 7:25,アルバイト,大阪,271331,355036,18.7,98.9,1,2,在籍,鈴木真央
10586,加藤直樹,マーケ,T04,女性,49,2018/2/2 4:07,契約,東京,390838,302250,11.7,100,2,4,在籍,山田花子
10587,山本葵,人事,T03,女性,28,2020/2/20 11:40,派遣,東京,337337,169637,20,98.8,1,2,在籍,佐々木翼
10588,加藤蓮,営業,T03,女性,59,2015/9/5 6:05,正社員,大阪,606323,562615,19.1,93.7,0,1,退職,高橋美咲
10589,中村翔,人事,T07,男性,52,2017/1/13 19:30,アルバイト,大阪,320737,164389,10.1,100,2,3,在籍,伊藤美咲
10590,伊藤陽菜,総務,T03,男性,53,2022/10/21 6:49,正社員,東京,340512,480051,0,99.7,1,4,在籍,山田葵
10591,伊藤結衣,カスタマーサポート,T01,女性,23,2024/3/9 0:40,正社員,東京,336050,383706,1.2,95.7,2,3,在籍,伊藤直樹
10592,山本真央,営業,T03,男性,43,2016/1/29 9:40,正社員,東京,384268,416167,16.1,94.4,3,3,在籍,高橋美咲
10593,田中健,営業,T04,男性,41,2016/1/10 13:04,契約,仙台,620337,435221,0,98.3,0,4,在籍,高橋美咲
10594,加藤翼,マーケ,T01,女性,45,2015/11/27 16:19,派遣,広島,346559,415852,7.4,96.3,2,3,在籍,加藤翼
10595,高橋太郎,総務,T03,男性,54,2023/5/18 10:47,契約,東京,300127,353325,12.7,97.8,3,4,在籍,山田葵
10596,佐藤花子,経理,T02,女性,34,2018/4/17 21:03,正社員,東京,371471,208195,21.8,98.9,3,2,在籍,山本愛
10597,山本健,開発,T04,女性,41,2018/6/16 22:39,正社員,東京,618457,853994,5.4,95.6,1,2,在籍,小林太郎
10598,佐藤大輝,マーケ,T06,男性,47,2015/2/18 4:18,正社員,大阪,396377,427854,4.9,94.2,2,2,在籍,山田花子
10599,高橋真央,カスタマーサポート,T07,女性,50,2025/4/17 2:21,正社員,札幌,257747,333129,9.6,98,2,3,在籍,鈴木真央
10600,伊藤葵,マーケ,T03,女性,50,2019/8/5 13:08,正社員,大阪,292170,222900,12.8,95.7,0,2,在籍,加藤翼
10601,佐藤蓮,営業,T07,男性,33,2023/6/10 3:08,正社員,東京,659025,409945,8.8,97.4,3,3,在籍,佐藤陽菜
10602,高橋翼,開発,T02,女性,59,2022/6/28 4:28,派遣,東京,739515,889229,18.4,93.6,1,2,在籍,小林太郎
10603,中村花子,カスタマーサポート,T06,男性,20,2016/7/1 23:03,契約,東京,336400,435262,3.6,96.4,1,4,在籍,伊藤直樹
10604,伊藤葵,開発,T04,男性,39,2023/6/25 5:07,契約,福岡,566054,501542,11,98.8,1,4,在籍,小林太郎
10605,山田健,カスタマーサポート,T06,男性,44,2020/10/27 22:10,正社員,大阪,336144,176036,13.6,98.5,0,2,在籍,伊藤直樹
10606,鈴木翔,開発,T06,男性,22,2021/5/24 15:32,正社員,大阪,547213,721365,6.8,95,0,2,在籍,佐々木彩
10607,加藤蓮,開発,T04,男性,38,2017/2/13 5:18,正社員,東京,356240,251538,16.7,94.1,2,2,在籍,佐々木彩
10608,中村美咲,人事,T02,その他/未回答,43,2023/12/18 4:03,正社員,仙台,295797,248183,11.2,97,0,3,在籍,佐々木翼
10609,小林太郎,開発,T04,女性,44,2024/11/9 21:25,正社員,東京,450849,508661,16.3,98.4,3,3,在籍,小林太郎
10610,小林愛,営業,T06,女性,24,2019/4/21 3:08,正社員,福岡,419647,251769,11.6,98,1,3,在籍,佐藤陽菜
10611,佐藤太郎,マーケ,T07,男性,31,2015/12/24 10:11,正社員,札幌,485982,277979,13,95.7,0,3,在籍,山田花子
10612,吉田陽菜,マーケ,T07,男性,29,2023/12/25 12:05,正社員,大阪,346549,182182,4.9,97.7,2,4,在籍,山田花子
10613,伊藤結衣,カスタマーサポート,T02,女性,45,2024/5/22 18:32,正社員,札幌,303514,429970,5,100,2,4,在籍,伊藤直樹
10614,小林翔,カスタマーサポート,T05,男性,33,2020/5/11 12:27,正社員,東京,262488,212978,19.8,97.5,1,2,在籍,伊藤直樹
10615,田中葵,経理,T01,女性,42,2021/2/16 9:50,正社員,名古屋,370058,429511,15.1,92.9,1,2,在籍,山本愛
10616,渡辺彩,開発,T05,男性,49,2017/5/12 0:49,正社員,東京,592355,882155,1.8,97.5,2,3,在籍,佐々木彩
10617,加藤翔,開発,T07,女性,51,2015/9/18 18:48,正社員,大阪,392205,458664,11.4,100,0,3,在籍,小林太郎
10618,佐々木健,営業,T01,女性,27,2024/12/28 2:57,正社員,東京,458023,469516,0,93.8,1,3,在籍,佐藤陽菜
10619,山田花子,人事,T05,女性,56,2020/2/10 15:08,正社員,東京,283701,289636,5.4,97.1,3,4,在籍,佐々木翼
10620,加藤直樹,総務,T07,女性,26,2017/11/28 18:17,正社員,東京,366703,321568,17.7,96.4,2,3,在籍,佐藤直樹
10621,中村翼,開発,T06,女性,20,2022/5/3 8:15,派遣,東京,657982,723635,9,97.2,2,4,在籍,佐々木彩
10622,山本翔,営業,T03,女性,21,2015/4/12 6:26,正社員,大阪,673604,982647,10.9,97.5,0,4,在籍,佐藤陽菜
10623,佐々木大輝,カスタマーサポート,T01,女性,28,2015/11/5 23:14,正社員,大阪,335074,431590,0,99.8,2,4,在籍,伊藤直樹
10624,高橋陽菜,営業,T07,女性,54,2017/7/26 22:26,正社員,東京,348763,322336,6.9,97.2,2,3,退職,高橋美咲
10625,佐々木翼,カスタマーサポート,T07,女性,28,2019/10/8 18:12,正社員,広島,314867,262109,12.7,100,1,4,在籍,伊藤直樹
10626,小林翼,営業,T05,女性,47,2018/11/18 5:56,正社員,仙台,295047,408206,13.7,96.7,1,3,在籍,佐藤陽菜
10627,小林葵,開発,T07,女性,36,2016/12/25 2:18,派遣,東京,781087,496604,17.7,96.1,1,4,在籍,小林太郎
10628,中村太郎,総務,T01,女性,21,2018/9/19 23:11,正社員,東京,354240,478077,8.3,95.3,2,3,在籍,佐藤直樹
10629,吉田翼,マーケ,T05,女性,37,2018/7/14 13:37,正社員,大阪,426510,322047,8.7,92.5,1,3,在籍,加藤翼
10630,小林結衣,開発,T01,女性,21,2020/7/20 20:09,正社員,名古屋,797533,969504,0,97.7,2,4,在籍,佐々木彩
10631,鈴木愛,カスタマーサポート,T07,女性,39,2020/12/14 23:54,正社員,東京,331628,433179,8.4,100,3,4,在籍,伊藤直樹
10632,吉田翼,開発,T05,男性,42,2024/5/6 6:50,正社員,名古屋,734528,717631,0,98.1,2,4,在籍,小林太郎
10633,加藤彩,総務,T07,その他/未回答,40,2023/7/16 4:46,正社員,東京,272015,188311,0,98.7,2,4,在籍,佐藤直樹
10634,山田翼,営業,T04,男性,31,2018/2/3 21:17,正社員,東京,260663,350531,1.3,96,3,3,在籍,高橋美咲
10635,佐々木直樹,総務,T01,男性,50,2024/7/20 19:27,アルバイト,名古屋,375333,325604,22.1,96.4,2,3,在籍,山田葵
10636,佐々木直樹,人事,T01,男性,43,2020/7/5 18:40,契約,大阪,302664,248390,7.8,99.5,0,4,在籍,佐々木翼
10637,佐藤陽菜,マーケ,T03,女性,30,2016/12/26 8:58,アルバイト,福岡,368072,371758,11.8,100,0,3,退職,加藤翼
10638,小林健,開発,T06,男性,37,2018/8/7 15:17,正社員,東京,340804,318681,5.9,100,1,4,在籍,小林太郎
10639,佐々木愛,開発,T02,男性,24,2022/11/6 21:53,契約,東京,619070,732392,0,99,2,3,在籍,佐々木彩
10640,佐々木彩,開発,T06,男性,56,2023/9/12 3:40,正社員,東京,713974,454942,17.5,97.1,2,3,在籍,小林太郎
10641,中村太郎,開発,T02,男性,50,2018/12/16 23:46,正社員,東京,724038,677474,0,97.5,2,3,在籍,小林太郎
10642,山田結衣,開発,T04,女性,31,2016/9/1 3:06,アルバイト,東京,599075,833733,5.6,95.1,3,3,在籍,佐々木彩
10643,山田葵,総務,T02,男性,46,2017/1/11 15:25,正社員,大阪,339359,181917,9.6,93.4,0,2,在籍,山田葵
10644,佐藤真央,経理,T04,男性,47,2016/2/5 1:36,派遣,大阪,351920,336906,11.8,94.2,0,3,在籍,山本愛
10645,山田直樹,マーケ,T04,女性,44,2022/5/24 14:54,契約,名古屋,372613,432429,4.2,97.1,2,3,在籍,加藤翼
10646,小林翼,開発,T01,男性,22,2020/4/28 1:50,正社員,東京,586135,813386,0,96.3,1,3,在籍,小林太郎
10647,中村結衣,総務,T04,女性,55,2019/10/10 19:43,正社員,東京,372307,407224,3.6,93.3,1,2,退職,佐藤直樹
10648,高橋大輝,営業,T06,その他/未回答,58,2022/2/9 20:17,正社員,名古屋,363603,481586,4,96.9,1,4,在籍,高橋美咲
10649,山田彩,マーケ,T07,男性,58,2023/10/8 19:04,派遣,東京,378144,273281,3.8,96.2,1,3,在籍,加藤翼
10650,田中葵,総務,T03,女性,59,2023/6/2 16:55,契約,札幌,332196,283299,17.8,94.1,2,3,在籍,佐藤直樹
10651,渡辺花子,営業,T07,男性,57,2016/6/14 1:32,正社員,東京,506565,730533,0.3,96.1,2,4,在籍,高橋美咲
10652,田中直樹,開発,T07,女性,49,2021/3/28 21:36,正社員,大阪,334720,463913,12.4,96.2,1,3,在籍,佐々木彩
10653,佐々木結衣,マーケ,T07,男性,22,2024/5/3 21:59,正社員,札幌,336087,355564,11.3,95.5,2,3,在籍,山田花子
10654,山本健,経理,T03,男性,38,2023/3/10 22:18,正社員,大阪,370441,361360,17.7,99.3,2,3,在籍,山本健
10655,鈴木健,開発,T06,男性,29,2018/6/27 4:19,正社員,大阪,653166,621204,8.9,92.2,1,2,在籍,小林太郎
10656,佐藤愛,営業,T04,男性,28,2019/2/26 19:47,契約,名古屋,580495,324374,16.3,92,2,2,在籍,高橋美咲
10657,佐々木陽菜,開発,T01,女性,53,2024/6/2 14:35,正社員,東京,795857,1108133,8.6,97,3,3,在籍,小林太郎
10658,田中彩,経理,T02,女性,52,2015/5/8 0:48,派遣,名古屋,374223,493281,13.5,97.2,2,3,在籍,山本愛
10659,吉田蓮,マーケ,T05,女性,40,2020/7/23 17:56,正社員,札幌,403323,385678,0,98,0,4,在籍,山田花子
10660,佐藤花子,営業,T02,女性,49,2016/3/24 17:22,正社員,広島,399452,311348,0,95.7,0,3,在籍,佐藤陽菜
10661,山田直樹,経理,T04,女性,25,2024/6/19 13:59,正社員,東京,331858,279729,13,94.7,2,3,退職,山本愛
10662,小林大輝,開発,T06,女性,28,2015/5/30 15:54,派遣,東京,716606,446560,13.4,97,2,2,在籍,佐々木彩
10663,高橋葵,人事,T02,女性,54,2015/4/1 9:45,正社員,福岡,330931,404328,13.8,95.9,1,3,在籍,佐々木翼
10664,山田太郎,総務,T04,女性,38,2018/6/25 8:48,正社員,大阪,345865,365465,5.8,100,2,4,在籍,佐藤直樹
10665,田中彩,営業,T02,男性,41,2017/2/12 15:23,正社員,東京,305856,224529,21.9,96.2,2,2,在籍,佐藤陽菜
10666,佐々木花子,開発,T04,女性,38,2020/3/30 1:46,契約,東京,381582,428518,6.3,96.9,2,3,在籍,小林太郎
10667,中村大輝,開発,T02,男性,28,2018/3/3 20:02,正社員,東京,423427,626346,13.4,100,3,4,在籍,小林太郎
10668,渡辺葵,カスタマーサポート,T07,女性,53,2018/10/9 4:00,正社員,大阪,253417,157725,14.8,96.5,1,3,在籍,鈴木真央
10669,佐藤結衣,経理,T01,女性,50,2020/12/23 10:10,契約,東京,364978,349825,23.7,98.4,1,3,退職,山本愛
10670,田中葵,営業,T07,男性,47,2020/12/6 17:12,契約,東京,536698,533563,7.5,98.6,2,4,在籍,高橋美咲
10671,佐藤美咲,人事,T06,女性,34,2024/11/22 12:13,正社員,東京,342527,228396,4.8,98.8,3,4,在籍,伊藤美咲
10672,山田葵,マーケ,T06,女性,45,2020/2/1 13:18,正社員,仙台,336565,347193,0,97.7,1,4,在籍,山田花子
10673,鈴木美咲,カスタマーサポート,T06,男性,58,2020/12/20 18:07,正社員,東京,299200,330908,22.4,97.5,3,2,在籍,鈴木真央
10674,鈴木結衣,開発,T02,女性,45,2022/3/5 5:58,正社員,東京,377327,248033,13.4,97.3,1,3,在籍,小林太郎
10675,鈴木陽菜,マーケ,T07,女性,39,2016/11/4 9:48,正社員,大阪,378752,247977,13.6,95.6,1,3,在籍,加藤翼
10676,佐々木翔,営業,T05,男性,30,2018/5/14 7:37,正社員,東京,319736,433673,34.9,97.8,3,2,在籍,高橋美咲
10677,佐々木健,カスタマーサポート,T07,女性,40,2016/11/20 6:49,正社員,広島,239209,194091,12.6,100,2,3,在籍,鈴木真央
10678,加藤彩,営業,T07,男性,34,2018/8/31 2:51,正社員,仙台,324527,366823,0,100,2,3,在籍,高橋美咲
10679,佐藤花子,人事,T05,女性,44,2017/11/29 0:36,正社員,東京,284447,320507,8.4,97.8,2,3,在籍,佐々木翼
10680,山本翼,営業,T03,男性,21,2021/3/11 14:18,正社員,東京,465005,622721,2.2,99.1,2,4,在籍,佐藤陽菜
10681,佐々木美咲,総務,T01,男性,27,2024/2/21 8:08,正社員,東京,325498,403583,6.8,94.8,3,2,在籍,山田葵
10682,鈴木翼,経理,T01,男性,51,2021/4/24 5:04,正社員,東京,365033,489354,6.8,96.3,2,4,在籍,山本愛
10683,吉田美咲,総務,T03,男性,35,2016/4/30 2:26,アルバイト,東京,312765,351927,5.3,99.4,1,4,在籍,山田葵
10684,佐藤翼,営業,T06,女性,37,2018/5/1 7:33,正社員,東京,329381,312733,0,100,1,5,退職,佐藤陽菜
10685,吉田蓮,マーケ,T04,男性,41,2022/4/18 4:52,正社員,東京,274804,245555,22.7,95.1,2,2,在籍,山田花子
10686,中村翔,営業,T04,女性,37,2018/6/30 16:17,正社員,大阪,570623,501594,12.4,95.8,0,2,在籍,佐藤陽菜
10687,山田真央,営業,T02,男性,50,2021/3/16 9:37,正社員,東京,692237,635745,8.2,100,2,4,在籍,高橋美咲
10688,渡辺美咲,カスタマーサポート,T04,男性,29,2022/5/6 11:36,正社員,東京,263721,165962,16.1,97.2,3,3,在籍,伊藤直樹
10689,吉田愛,開発,T05,女性,50,2018/6/26 5:36,正社員,大阪,418257,386452,13.8,100,1,3,在籍,小林太郎
10690,吉田陽菜,営業,T07,男性,28,2021/11/7 5:49,派遣,東京,390201,347062,12.2,97.5,2,2,在籍,高橋美咲
10691,伊藤太郎,経理,T06,女性,34,2019/3/19 17:17,正社員,東京,310014,165724,15.5,97.6,3,3,在籍,山本愛
10692,小林蓮,開発,T05,男性,43,2016/6/5 23:18,正社員,東京,427279,331197,11.1,96.2,2,2,在籍,小林太郎
10693,渡辺愛,経理,T07,男性,55,2018/12/9 11:35,正社員,東京,349234,437208,15.4,99.4,2,4,在籍,山本愛
10694,渡辺大輝,営業,T03,女性,29,2019/9/1 15:02,正社員,東京,603342,650369,16,100,3,3,在籍,佐藤陽菜
10695,吉田花子,カスタマーサポート,T07,男性,43,2015/1/10 5:25,アルバイト,福岡,315475,412063,11.3,94.4,1,3,在籍,伊藤直樹
10696,高橋真央,営業,T03,男性,22,2024/6/12 7:24,正社員,仙台,681916,711025,8.2,96.1,0,2,在籍,高橋美咲
10697,鈴木翼,開発,T01,女性,23,2020/8/2 7:04,契約,東京,491531,665574,22.2,99.3,2,3,在籍,小林太郎
10698,山本結衣,マーケ,T03,男性,50,2015/5/21 7:42,契約,東京,383274,496748,6.2,96.7,3,4,在籍,山田花子
10699,吉田葵,マーケ,T01,女性,48,2024/3/8 18:55,正社員,名古屋,357471,213869,13.1,95.8,1,2,在籍,山田花子
10700,高橋結衣,経理,T01,男性,35,2024/1/19 5:00,正社員,大阪,285884,422252,13.3,99.5,0,3,在籍,山本愛
10701,伊藤蓮,経理,T07,女性,44,2015/2/16 13:37,正社員,東京,334389,172125,5.1,99.8,2,4,在籍,山本愛
10702,小林翼,営業,T06,男性,35,2018/11/7 1:32,派遣,東京,367256,402820,3.5,95.9,1,3,在籍,高橋美咲
10703,山本翔,人事,T02,男性,31,2020/5/14 12:22,正社員,東京,332233,429414,7.2,97.5,2,3,在籍,伊藤美咲
10704,中村結衣,開発,T06,女性,37,2022/9/6 1:48,正社員,大阪,395864,329316,6.1,94,1,2,在籍,小林太郎
10705,山本愛,経理,T01,女性,32,2019/6/29 1:26,契約,東京,383831,421665,0,94.8,2,3,在籍,山本愛
10706,吉田愛,マーケ,T02,男性,52,2021/6/22 6:54,派遣,東京,463835,399882,4.8,97.3,1,4,在籍,加藤翼
10707,山田蓮,開発,T05,男性,36,2015/2/9 3:35,正社員,東京,781189,437946,12.1,97.1,1,3,在籍,小林太郎
10708,渡辺真央,開発,T03,女性,32,2021/12/20 6:05,正社員,東京,360729,183416,20.1,94.6,2,2,在籍,小林太郎
10709,渡辺彩,営業,T06,女性,41,2024/9/8 0:13,契約,大阪,302934,180203,14.4,95.2,0,3,在籍,佐藤陽菜
10710,田中美咲,営業,T07,女性,50,2020/7/26 19:03,正社員,名古屋,684914,409859,0,94.3,2,3,在籍,佐藤陽菜
10711,渡辺美咲,カスタマーサポート,T01,その他/未回答,30,2019/10/25 6:51,派遣,大阪,331786,368577,15.1,98.1,2,2,在籍,鈴木真央
10712,吉田花子,マーケ,T01,男性,57,2025/2/5 5:55,正社員,東京,405358,415842,5.5,92.1,1,2,在籍,加藤翼
10713,山本葵,開発,T07,男性,38,2015/5/9 7:55,正社員,東京,474336,453210,13.6,94.5,1,2,在籍,小林太郎
10714,小林愛,カスタマーサポート,T04,男性,46,2018/1/13 6:21,契約,福岡,292128,348193,9.9,92.3,0,2,在籍,伊藤直樹
10715,渡辺真央,開発,T04,男性,58,2016/6/20 2:33,正社員,大阪,577112,298266,8.5,98,0,3,退職,小林太郎
10716,加藤葵,人事,T04,女性,37,2024/3/2 3:44,正社員,東京,380155,293093,9.2,92.5,3,3,在籍,伊藤美咲
10717,加藤愛,マーケ,T04,女性,27,2020/2/9 6:27,正社員,東京,391761,500432,9.8,97.1,2,3,退職,山田花子
10718,山本直樹,人事,T05,男性,49,2024/10/5 0:51,正社員,福岡,273581,385742,20.8,100,1,3,退職,佐々木翼
10719,佐々木真央,マーケ,T05,男性,20,2022/1/14 20:03,派遣,福岡,430905,404333,9.8,100,2,4,在籍,加藤翼
10720,山田翼,カスタマーサポート,T02,女性,38,2020/11/22 3:46,正社員,札幌,323258,187969,18.7,92.5,0,1,在籍,鈴木真央
10721,高橋花子,営業,T05,女性,59,2020/6/23 0:45,正社員,大阪,384132,498883,17.5,97.7,2,3,在籍,佐藤陽菜
10722,高橋愛,営業,T05,男性,36,2017/2/22 8:23,正社員,東京,302471,418973,15.3,94.5,1,1,在籍,佐藤陽菜
10723,佐々木美咲,総務,T01,女性,47,2020/12/12 7:35,アルバイト,東京,277065,253143,0,94,3,3,在籍,佐藤直樹
10724,渡辺蓮,カスタマーサポート,T03,女性,41,2022/4/2 11:33,正社員,東京,330893,245971,18.9,96.7,2,3,在籍,鈴木真央
10725,伊藤真央,人事,T06,男性,28,2025/3/20 1:17,アルバイト,名古屋,328180,178520,6.3,100,0,3,在籍,伊藤美咲
10726,吉田彩,総務,T05,女性,32,2020/10/22 19:12,派遣,大阪,323501,352966,15.7,98.5,0,3,在籍,山田葵
10727,中村翔,経理,T01,男性,40,2024/12/7 14:28,正社員,東京,414486,584371,2.2,95.2,3,2,在籍,山本愛
10728,鈴木真央,総務,T01,女性,24,2024/12/29 14:34,契約,札幌,267335,314890,0.5,98.8,2,4,在籍,佐藤直樹
10729,鈴木花子,営業,T05,女性,36,2020/7/12 16:00,正社員,東京,342672,280048,25.8,91.4,1,1,在籍,佐藤陽菜
10730,吉田健,営業,T04,男性,36,2019/8/25 18:52,正社員,東京,624960,714259,2.3,95.1,2,4,在籍,佐藤陽菜
10731,加藤直樹,営業,T07,女性,53,2016/7/5 13:09,正社員,東京,493063,656793,19.2,94.9,3,2,在籍,佐藤陽菜
10732,伊藤大輝,総務,T04,男性,24,2017/11/3 19:19,契約,札幌,263277,256913,10.9,97.2,0,3,在籍,佐藤直樹
10733,山田愛,人事,T07,女性,53,2024/4/20 16:42,契約,仙台,361375,476924,6.6,96.5,0,4,在籍,佐々木翼
10734,鈴木翔,営業,T02,男性,36,2019/3/15 15:06,契約,大阪,312266,278513,9.6,96.6,0,3,在籍,高橋美咲
10735,山田健,総務,T04,男性,46,2022/5/24 5:14,アルバイト,広島,353857,300249,0,96.6,2,3,在籍,山田葵
10736,鈴木翔,マーケ,T01,男性,42,2017/7/19 0:05,正社員,札幌,453499,491134,9.9,97.1,2,3,在籍,山田花子
10737,小林直樹,経理,T05,女性,31,2025/4/22 22:24,契約,福岡,395417,381453,1.3,98.4,1,3,在籍,山本愛
10738,吉田結衣,営業,T02,女性,57,2021/11/15 6:08,派遣,札幌,459192,678277,6.8,97.4,2,3,在籍,高橋美咲
10739,小林大輝,営業,T04,女性,28,2015/4/20 13:10,正社員,東京,370520,376592,17.4,96.3,1,3,在籍,佐藤陽菜
10740,吉田陽菜,営業,T03,男性,21,2017/8/13 7:41,正社員,福岡,646624,572373,12,98,2,3,在籍,佐藤陽菜
10741,伊藤直樹,総務,T02,女性,50,2022/11/1 19:42,正社員,大阪,327052,292689,0,99.1,2,4,在籍,山田葵
10742,田中葵,人事,T01,女性,44,2024/2/19 5:38,派遣,名古屋,352605,369508,16.8,95.6,0,2,在籍,佐々木翼
10743,田中翼,開発,T04,女性,55,2024/10/22 14:03,正社員,東京,385529,329593,9.9,96.9,2,3,在籍,小林太郎
10744,鈴木愛,総務,T07,女性,38,2024/1/3 18:32,契約,名古屋,334823,409457,5.7,99.9,2,4,在籍,山田葵
10745,田中美咲,営業,T02,女性,20,2015/10/17 0:44,正社員,広島,511041,450054,16,94.2,0,2,在籍,高橋美咲
10746,田中太郎,営業,T03,女性,20,2022/9/21 5:46,正社員,東京,381505,337305,8.7,100,1,4,在籍,佐藤陽菜
10747,加藤陽菜,営業,T02,女性,37,2016/3/1 19:22,正社員,広島,595084,664692,0.7,93.7,1,3,在籍,高橋美咲
10748,高橋美咲,営業,T06,男性,29,2015/10/23 20:52,正社員,東京,310156,173950,24.8,96.1,3,2,在籍,佐藤陽菜
10749,高橋陽菜,開発,T03,女性,56,2022/4/28 9:56,派遣,東京,665302,768659,9.9,94.6,2,2,在籍,佐々木彩
10750,加藤太郎,開発,T07,女性,24,2020/1/23 2:38,正社員,東京,781362,785247,9.3,100,1,3,在籍,佐々木彩
10751,山本翼,経理,T02,男性,55,2021/11/9 9:04,派遣,福岡,359415,342531,6.8,95.7,2,3,在籍,山本健
10752,高橋美咲,営業,T01,男性,28,2024/1/4 23:44,正社員,大阪,297158,362310,19.4,95.7,2,2,在籍,高橋美咲
10753,加藤花子,経理,T05,女性,24,2015/9/24 0:25,アルバイト,東京,357463,449779,5.8,96.1,3,2,在籍,山本健
10754,高橋真央,営業,T05,男性,30,2020/7/31 21:44,正社員,大阪,488054,657047,0,97.2,0,4,在籍,佐藤陽菜
10755,吉田葵,マーケ,T07,男性,25,2023/10/31 1:03,正社員,東京,397002,347298,4.6,96.2,1,4,在籍,加藤翼
10756,佐藤真央,経理,T07,男性,36,2019/8/29 17:33,正社員,東京,318159,263129,20.6,96.7,1,3,在籍,山本愛
10757,中村真央,営業,T07,男性,33,2020/4/8 4:53,正社員,札幌,531738,645711,16.7,88.2,0,1,在籍,佐藤陽菜
10758,中村太郎,カスタマーサポート,T05,男性,41,2015/7/12 20:07,正社員,名古屋,261696,283104,8,97.1,1,3,在籍,伊藤直樹
10759,伊藤真央,総務,T03,女性,41,2024/4/16 10:26,契約,福岡,326943,370034,21,97,2,3,在籍,佐藤直樹
10760,小林花子,営業,T04,女性,20,2023/8/22 7:41,正社員,大阪,517563,546299,16,99.6,0,3,在籍,高橋美咲
10761,伊藤直樹,開発,T01,男性,24,2023/8/7 8:13,正社員,広島,630019,801820,7.9,100,1,4,在籍,小林太郎
10762,小林陽菜,人事,T04,その他/未回答,26,2019/5/13 11:45,正社員,東京,373731,257889,8.7,96.5,1,3,在籍,佐々木翼
10763,高橋真央,総務,T03,男性,27,2020/6/16 22:46,正社員,東京,365904,386289,12.6,99,2,4,在籍,佐藤直樹
10764,中村結衣,人事,T01,女性,23,2018/11/27 2:56,正社員,東京,371033,244177,3.3,94.2,3,2,在籍,伊藤美咲
10765,加藤健,カスタマーサポート,T02,男性,32,2017/8/30 20:40,正社員,大阪,325504,295314,10,98.9,2,3,退職,鈴木真央
10766,佐々木健,総務,T04,女性,41,2024/4/6 13:18,契約,大阪,364256,423991,12.5,95.6,1,2,退職,山田葵
10767,伊藤花子,人事,T03,男性,32,2020/5/9 14:17,アルバイト,名古屋,301521,299431,0,94,0,3,在籍,佐々木翼
10768,山本真央,総務,T07,男性,33,2022/8/27 17:35,正社員,東京,295148,259609,8.5,96.5,2,3,在籍,山田葵
10769,山本葵,人事,T04,男性,38,2016/1/25 15:15,正社員,東京,339297,469916,7.6,100,1,4,在籍,佐々木翼
10770,山田愛,マーケ,T07,男性,41,2023/5/8 4:47,正社員,大阪,377122,480010,18.2,97.5,1,3,在籍,山田花子
10771,佐々木花子,経理,T05,男性,33,2021/12/21 10:34,正社員,広島,378297,388242,0,100,0,4,在籍,山本健
10772,小林花子,マーケ,T01,男性,28,2025/7/22 18:20,正社員,東京,272146,394626,6.9,95.1,1,3,在籍,山田花子
10773,吉田愛,マーケ,T02,男性,36,2016/6/1 19:43,派遣,東京,301966,279126,6.1,99.6,1,4,在籍,加藤翼
10774,鈴木翔,開発,T05,男性,20,2020/9/18 6:08,正社員,東京,678491,873945,17.7,95.4,1,1,在籍,小林太郎
10775,加藤直樹,総務,T04,男性,39,2020/5/29 16:24,正社員,東京,358635,239545,9.7,97.6,3,4,在籍,山田葵
10776,吉田大輝,開発,T03,女性,57,2015/7/30 4:28,契約,東京,465124,365490,24.4,97.5,2,2,在籍,小林太郎
10777,加藤彩,マーケ,T04,男性,35,2020/1/3 14:48,正社員,東京,341515,286218,15.3,98.7,2,3,在籍,加藤翼
10778,中村美咲,人事,T07,女性,24,2018/3/3 14:46,契約,大阪,342994,207792,6.7,97.6,1,4,在籍,佐々木翼
10779,山田翼,開発,T03,男性,48,2021/7/14 1:42,正社員,東京,549016,550006,11.9,95.2,2,2,在籍,佐々木彩
10780,小林陽菜,開発,T01,男性,25,2017/6/15 23:47,正社員,東京,401264,277779,7.2,99.2,3,3,在籍,佐々木彩
10781,山田健,経理,T03,女性,27,2019/8/9 11:26,派遣,東京,350064,397037,16.9,100,2,4,在籍,山本愛
10782,高橋直樹,カスタマーサポート,T07,女性,25,2021/7/24 10:07,契約,仙台,328327,226575,0,95.5,1,3,在籍,伊藤直樹
10783,小林翔,営業,T06,女性,55,2015/9/5 12:51,派遣,東京,578294,360569,3.4,92.4,1,2,在籍,高橋美咲
10784,渡辺太郎,マーケ,T06,男性,59,2023/4/29 22:20,正社員,東京,457972,672800,13.6,98.2,1,3,在籍,山田花子
10785,山田健,カスタマーサポート,T07,女性,42,2022/7/29 7:33,派遣,東京,307258,355878,19.8,96.2,1,3,在籍,伊藤直樹
10786,山田大輝,営業,T01,女性,44,2015/8/10 11:25,正社員,大阪,644853,926299,0,96.7,2,4,在籍,高橋美咲
10787,吉田翔,開発,T02,男性,45,2015/9/8 4:54,正社員,札幌,439914,435465,21,98.4,1,2,在籍,小林太郎
10788,高橋愛,営業,T01,男性,44,2023/12/31 8:18,正社員,東京,270671,144376,8.9,95.9,3,4,退職,高橋美咲
10789,山本翔,開発,T01,女性,41,2017/12/31 1:45,正社員,東京,374739,402608,0,96.3,1,4,在籍,佐々木彩
10790,佐藤結衣,マーケ,T06,女性,59,2024/2/9 20:48,正社員,東京,498265,527328,0,96.7,1,3,在籍,山田花子
10791,佐々木陽菜,経理,T07,その他/未回答,49,2020/4/13 14:40,正社員,大阪,369672,190372,0,100,0,4,退職,山本愛
10792,田中蓮,営業,T02,男性,23,2018/8/15 20:52,契約,仙台,361500,492088,9.8,97.1,1,4,在籍,高橋美咲
10793,小林蓮,営業,T06,男性,35,2017/11/23 7:27,派遣,東京,634343,710445,9.5,93.9,3,3,在籍,高橋美咲
10794,山本美咲,総務,T04,女性,58,2021/12/22 1:13,派遣,東京,297132,369837,15.1,94,2,1,在籍,山田葵
10795,山田健,総務,T01,女性,36,2016/2/29 2:16,正社員,福岡,331673,329656,5.6,97.3,2,3,在籍,山田葵
10796,吉田健,営業,T07,女性,28,2019/4/6 2:23,派遣,名古屋,362201,405086,1.1,94.2,0,4,在籍,佐藤陽菜
10797,吉田健,総務,T07,男性,54,2018/8/29 17:37,正社員,東京,271386,205566,6.7,93.1,2,2,在籍,佐藤直樹
10798,小林真央,人事,T04,女性,44,2016/8/18 22:44,正社員,東京,304779,449170,10.3,98.6,1,3,在籍,伊藤美咲
10799,鈴木蓮,開発,T05,女性,42,2018/9/25 15:48,派遣,東京,429522,386879,11.8,98.7,2,3,在籍,佐々木彩
10800,山田美咲,開発,T03,男性,36,2020/8/5 6:43,正社員,福岡,585277,387644,3.7,96.1,2,4,在籍,小林太郎
10801,佐藤真央,開発,T06,男性,24,2022/3/3 18:45,正社員,名古屋,329932,183414,17.2,97.7,2,3,在籍,小林太郎
10802,渡辺直樹,営業,T04,男性,35,2015/11/30 18:43,正社員,名古屋,357914,406651,5,97.5,0,4,在籍,佐藤陽菜
10803,伊藤愛,開発,T07,男性,37,2024/3/25 19:38,正社員,福岡,592529,878945,3,98.5,2,4,在籍,佐々木彩
10804,渡辺美咲,マーケ,T01,男性,57,2024/4/18 7:04,契約,東京,360567,503277,5.7,98.5,1,4,退職,山田花子
10805,佐々木蓮,人事,T02,女性,32,2022/4/28 11:48,正社員,東京,352671,423947,18.6,90.5,3,1,在籍,佐々木翼
10806,田中真央,人事,T07,女性,25,2019/7/13 0:16,正社員,東京,355228,529502,8.9,96.4,1,3,在籍,佐々木翼
10807,中村陽菜,マーケ,T03,男性,37,2023/9/11 12:50,正社員,札幌,492036,601675,4.4,98.3,1,4,在籍,加藤翼
10808,高橋葵,人事,T03,女性,59,2022/9/11 21:18,正社員,大阪,378683,317810,17.4,96,1,3,在籍,伊藤美咲
10809,山田愛,営業,T06,男性,39,2020/12/14 4:06,契約,東京,352700,388399,27.1,97.1,1,2,在籍,高橋美咲
10810,加藤美咲,カスタマーサポート,T02,男性,35,2016/11/24 18:54,アルバイト,東京,313128,181541,11.7,98.9,3,3,在籍,鈴木真央
10811,渡辺太郎,総務,T04,その他/未回答,46,2020/11/25 2:50,契約,名古屋,335268,241957,19.9,97.2,1,3,在籍,山田葵
10812,鈴木陽菜,総務,T03,女性,45,2025/6/2 12:10,派遣,名古屋,331318,303997,18.3,100,2,2,在籍,佐藤直樹
10813,鈴木直樹,カスタマーサポート,T02,女性,31,2019/9/28 18:39,正社員,名古屋,325877,228706,5.2,99.8,1,3,在籍,鈴木真央
10814,田中翔,マーケ,T07,女性,58,2017/8/16 3:21,派遣,東京,303977,441830,10.2,96.7,3,3,在籍,加藤翼
10815,渡辺翼,人事,T02,女性,43,2022/11/29 2:49,正社員,仙台,318772,476754,0,96.5,0,3,在籍,伊藤美咲
10816,山田結衣,開発,T01,女性,22,2015/10/21 12:58,正社員,福岡,711735,619875,8.4,89.9,0,2,在籍,小林太郎
10817,鈴木彩,開発,T05,女性,36,2016/8/6 23:23,正社員,名古屋,748238,904791,5,96.2,2,4,在籍,小林太郎
10818,中村蓮,営業,T07,男性,56,2020/12/11 21:38,正社員,名古屋,266773,242168,6.8,93.6,0,3,在籍,佐藤陽菜
10819,伊藤真央,マーケ,T01,男性,35,2025/6/24 3:15,派遣,仙台,378437,242013,4,97.6,1,4,退職,山田花子
10820,佐藤葵,経理,T05,男性,42,2018/6/24 18:09,正社員,仙台,316986,265294,7.7,97.4,0,4,在籍,山本健
10821,小林結衣,総務,T04,女性,44,2019/9/10 10:44,アルバイト,大阪,280154,205457,14.3,98.7,2,3,在籍,佐藤直樹
10822,加藤葵,マーケ,T06,女性,48,2018/5/30 20:08,正社員,東京,283123,234447,9,100,2,4,在籍,山田花子
10823,佐々木愛,経理,T01,女性,54,2019/8/30 13:11,正社員,東京,355326,254065,0,96.9,3,4,退職,山本愛
10824,山本蓮,マーケ,T07,女性,25,2015/1/28 9:14,契約,福岡,423508,259333,4,100,2,3,在籍,加藤翼
10825,伊藤翼,開発,T05,女性,40,2021/4/23 11:10,正社員,大阪,575004,412524,0,97.6,1,4,在籍,小林太郎
10826,山田翔,総務,T06,その他/未回答,41,2018/5/4 15:39,正社員,東京,304204,427636,12,93.7,2,1,在籍,佐藤直樹
10827,田中大輝,マーケ,T03,女性,26,2017/10/17 11:45,正社員,東京,447400,261828,14,95.6,2,2,在籍,山田花子
10828,小林美咲,経理,T07,女性,46,2023/1/22 14:28,アルバイト,仙台,371286,306220,12.1,96.1,1,3,在籍,山本健
10829,佐々木真央,開発,T05,男性,24,2016/12/27 1:45,契約,札幌,756045,777554,3.7,98.5,2,3,在籍,小林太郎
10830,佐藤蓮,経理,T01,男性,38,2015/7/1 21:56,正社員,広島,328584,280779,12,94.6,2,2,在籍,山本愛
10831,佐々木彩,マーケ,T07,男性,33,2015/6/6 6:27,正社員,東京,324962,330683,6.2,96.3,3,4,在籍,加藤翼
10832,高橋大輝,マーケ,T06,女性,26,2024/4/30 23:28,正社員,福岡,374820,203684,0.9,96.6,2,4,在籍,山田花子
10833,山本直樹,営業,T03,男性,52,2018/11/9 6:10,正社員,福岡,478091,549120,15.9,95.9,1,2,在籍,佐藤陽菜
10834,田中彩,マーケ,T04,女性,29,2016/1/29 13:57,正社員,東京,375331,399156,16.5,99,2,3,在籍,加藤翼
10835,鈴木翼,開発,T03,女性,30,2024/4/20 5:09,正社員,東京,719555,849770,17.6,98.6,1,2,在籍,小林太郎
10836,加藤愛,マーケ,T04,男性,54,2016/7/28 10:15,正社員,広島,280483,299347,5.1,99.9,1,4,在籍,加藤翼
10837,山本真央,開発,T07,男性,55,2018/7/25 5:35,正社員,東京,573328,537726,19.4,96.2,3,2,在籍,佐々木彩
10838,山本愛,カスタマーサポート,T07,女性,21,2015/3/21 22:58,正社員,大阪,281627,239422,6.1,100,1,3,在籍,伊藤直樹
10839,山本翔,営業,T02,男性,31,2022/3/9 14:55,正社員,名古屋,344888,250538,15.2,93.6,1,2,在籍,佐藤陽菜
10840,加藤健,営業,T07,女性,48,2022/5/26 19:09,正社員,名古屋,538478,538514,5.9,93.5,0,3,在籍,高橋美咲
10841,佐々木直樹,総務,T04,女性,51,2023/1/3 1:17,契約,東京,356159,187358,8.2,94,2,3,在籍,佐藤直樹
10842,山本陽菜,開発,T05,女性,59,2017/10/13 15:56,正社員,名古屋,582105,482123,0,97,1,3,退職,小林太郎
10843,高橋結衣,営業,T06,男性,42,2018/6/22 2:37,派遣,東京,288228,339495,7.6,100,1,4,在籍,高橋美咲
10844,伊藤蓮,営業,T04,女性,20,2024/12/4 20:00,正社員,福岡,283877,172800,10.7,95.5,1,4,在籍,佐藤陽菜
10845,山本大輝,総務,T04,男性,54,2023/9/11 15:23,正社員,東京,310595,174831,6.7,95.8,2,3,在籍,佐藤直樹
10846,鈴木美咲,開発,T04,女性,26,2015/5/24 14:40,正社員,名古屋,640666,738161,24,96.5,0,3,在籍,小林太郎
10847,高橋美咲,営業,T07,男性,24,2023/8/8 5:44,正社員,福岡,391079,351100,0.7,98.4,1,3,在籍,高橋美咲
10848,高橋愛,マーケ,T03,男性,46,2020/12/1 11:18,正社員,東京,341038,443971,5.5,95.8,1,3,在籍,加藤翼
10849,佐々木健,人事,T02,女性,44,2021/10/9 5:46,派遣,東京,381814,548785,2.8,95.7,1,2,在籍,伊藤美咲
10850,渡辺直樹,カスタマーサポート,T03,女性,22,2015/1/4 20:03,派遣,福岡,231732,337642,5.5,93.6,1,2,在籍,鈴木真央
10851,山田翔,人事,T02,女性,26,2015/4/27 3:39,正社員,東京,280365,259503,18.3,95.6,3,2,在籍,伊藤美咲
10852,中村蓮,人事,T03,男性,43,2016/9/6 10:40,正社員,東京,290227,221828,21.8,99.9,1,3,在籍,伊藤美咲
10853,山本真央,開発,T01,女性,30,2025/6/26 16:42,契約,大阪,792123,878158,4.4,97.2,2,4,在籍,小林太郎
10854,佐々木大輝,カスタマーサポート,T01,男性,47,2021/9/17 18:37,正社員,仙台,289707,326845,4.2,95.2,0,3,在籍,鈴木真央
10855,小林葵,経理,T06,女性,36,2023/4/12 12:39,正社員,大阪,302160,339127,0.7,100,0,4,在籍,山本健
10856,田中花子,営業,T01,男性,43,2018/2/16 10:27,契約,東京,389680,320230,20.5,95.5,3,3,在籍,佐藤陽菜
10857,田中葵,開発,T04,男性,38,2024/12/2 16:33,正社員,広島,785321,442726,19,100,1,3,在籍,佐々木彩
10858,小林花子,開発,T06,男性,34,2017/2/7 19:19,正社員,大阪,653303,463848,9.2,100,1,4,退職,小林太郎
10859,佐藤陽菜,営業,T06,その他/未回答,33,2015/4/30 0:28,正社員,東京,350662,229480,0,97.1,2,4,在籍,高橋美咲
10860,鈴木花子,営業,T04,女性,47,2015/11/1 22:30,正社員,東京,358294,223539,0,93.3,3,3,在籍,佐藤陽菜
10861,佐藤結衣,開発,T02,男性,40,2023/5/19 11:45,正社員,東京,355978,507725,11.4,100,3,4,在籍,佐々木彩
10862,加藤美咲,開発,T07,女性,43,2017/9/22 5:26,契約,東京,690942,355038,14.4,98,2,4,在籍,佐々木彩
10863,渡辺花子,開発,T06,男性,43,2019/10/10 16:16,正社員,名古屋,385953,425265,0,96.2,1,3,在籍,佐々木彩
10864,佐藤結衣,マーケ,T05,男性,28,2019/12/27 14:59,契約,東京,335889,486190,7.4,99.4,2,3,在籍,山田花子
10865,加藤愛,人事,T01,男性,56,2023/5/10 15:25,契約,名古屋,315288,271164,22.9,98.8,1,2,在籍,佐々木翼
10866,小林愛,カスタマーサポート,T01,男性,42,2018/9/9 20:33,契約,東京,304503,312754,8.3,100,1,4,在籍,鈴木真央
10867,加藤直樹,開発,T03,女性,48,2015/1/26 22:57,正社員,東京,611033,730663,21.9,95.3,3,3,在籍,佐々木彩
10868,高橋美咲,開発,T02,女性,55,2019/2/2 17:36,正社員,東京,703623,574979,15.2,97.8,2,3,在籍,佐々木彩
10869,山田蓮,総務,T07,女性,56,2018/1/18 21:22,正社員,大阪,295672,289064,1.3,94,1,2,在籍,佐藤直樹
10870,高橋太郎,経理,T02,男性,46,2022/12/13 20:47,正社員,名古屋,333977,439882,7.7,98.7,0,3,在籍,山本健
10871,中村翼,開発,T02,男性,51,2015/12/22 10:00,派遣,東京,506541,630823,9,96.9,2,3,在籍,小林太郎
10872,中村美咲,総務,T07,女性,38,2015/9/30 10:49,正社員,東京,265616,347545,2.4,97.7,2,3,在籍,佐藤直樹
10873,高橋陽菜,カスタマーサポート,T06,女性,49,2019/2/13 13:56,派遣,東京,318508,473729,2.2,96.6,3,3,在籍,伊藤直樹
10874,伊藤花子,営業,T02,女性,32,2018/3/10 8:31,正社員,福岡,490950,427287,22.1,96.4,2,2,在籍,佐藤陽菜
10875,佐藤直樹,開発,T03,女性,48,2020/2/11 12:20,正社員,東京,548326,683812,2.2,94.8,2,3,在籍,佐々木彩
10876,山本花子,開発,T04,女性,23,2018/4/14 13:14,正社員,福岡,797796,879797,18.6,99,0,3,在籍,佐々木彩
10877,小林大輝,営業,T05,男性,56,2023/5/27 6:47,契約,東京,330480,385539,6.5,100,1,4,退職,佐藤陽菜
10878,伊藤太郎,営業,T07,男性,29,2025/3/25 13:01,正社員,東京,686046,850610,9.8,95.6,1,3,在籍,高橋美咲
10879,山本真央,マーケ,T07,女性,46,2023/8/20 1:32,正社員,名古屋,426485,532991,14.5,98.4,1,3,在籍,山田花子
10880,佐々木陽菜,マーケ,T07,男性,20,2019/8/25 13:19,契約,大阪,320835,444595,5.2,98.1,2,4,在籍,山田花子
10881,田中真央,営業,T01,男性,26,2020/4/29 4:43,正社員,東京,555333,471656,14.5,97,1,2,在籍,佐藤陽菜
10882,田中直樹,マーケ,T02,女性,59,2019/9/25 3:21,正社員,広島,443810,511926,0,93.2,1,3,在籍,加藤翼
10883,鈴木真央,カスタマーサポート,T04,女性,53,2023/5/26 0:49,正社員,東京,273497,213407,13.5,93.7,1,3,在籍,伊藤直樹
10884,中村大輝,営業,T01,女性,28,2020/11/4 18:23,正社員,東京,405228,443549,0,95,1,4,在籍,高橋美咲
10885,高橋真央,人事,T03,女性,25,2019/12/15 7:16,正社員,東京,378574,473662,8.2,91.7,1,2,在籍,佐々木翼
10886,山田花子,営業,T02,男性,52,2019/5/2 17:26,正社員,大阪,322122,415859,16.8,100,0,3,在籍,佐藤陽菜
10887,田中大輝,営業,T07,その他/未回答,59,2018/12/20 13:13,正社員,福岡,256003,235554,15,97.9,1,3,在籍,高橋美咲
10888,小林彩,人事,T01,女性,26,2020/11/6 1:48,正社員,東京,356568,359677,0,96.9,1,3,在籍,伊藤美咲
10889,高橋美咲,人事,T02,男性,46,2019/7/29 23:26,正社員,仙台,387850,323408,0.6,91.5,2,2,在籍,佐々木翼
10890,伊藤彩,マーケ,T02,女性,31,2023/7/15 17:54,正社員,大阪,385199,257712,4.5,92.4,0,2,在籍,山田花子
10891,高橋結衣,営業,T02,男性,49,2023/10/1 6:04,正社員,広島,310739,236322,11.5,97,2,2,在籍,高橋美咲
10892,中村結衣,カスタマーサポート,T04,男性,36,2019/7/17 9:18,正社員,福岡,294707,416166,0,100,1,4,在籍,鈴木真央
10893,佐藤翼,経理,T03,女性,25,2024/8/14 11:34,正社員,仙台,315263,255038,9.9,95.3,1,2,退職,山本愛
10894,鈴木花子,総務,T07,女性,32,2016/10/30 19:19,正社員,大阪,359287,529861,12.5,99.2,2,2,在籍,佐藤直樹
10895,山本直樹,開発,T02,男性,41,2024/11/11 14:32,正社員,東京,613810,455126,7.7,95.8,1,3,在籍,小林太郎
10896,中村陽菜,開発,T04,その他/未回答,51,2018/2/10 16:43,派遣,東京,481540,588957,14.2,97.1,1,4,在籍,小林太郎
10897,伊藤蓮,経理,T05,女性,20,2020/12/21 0:06,派遣,名古屋,367437,394591,11.8,100,1,4,在籍,山本健
10898,渡辺彩,経理,T05,女性,58,2018/1/1 1:16,正社員,東京,373393,446902,5.7,96.1,1,3,在籍,山本愛
10899,渡辺健,人事,T06,女性,45,2019/9/5 21:42,正社員,名古屋,358236,409806,0,95.3,2,3,在籍,伊藤美咲
10900,加藤翔,営業,T02,男性,55,2018/8/7 8:06,正社員,東京,414786,500542,11.1,100,3,3,在籍,高橋美咲
10901,渡辺蓮,営業,T04,男性,57,2022/6/18 18:04,派遣,福岡,506783,712307,2.4,97.1,2,3,在籍,佐藤陽菜
10902,山田大輝,経理,T06,男性,26,2023/11/15 2:53,正社員,東京,285981,304132,5.4,99.7,2,3,在籍,山本健
10903,高橋太郎,総務,T07,男性,23,2024/7/25 8:42,正社員,仙台,308425,175138,13.8,95.3,2,2,在籍,山田葵
10904,高橋大輝,営業,T05,男性,51,2020/12/15 22:13,正社員,東京,420106,323828,21.3,100,1,3,在籍,佐藤陽菜
10905,渡辺陽菜,カスタマーサポート,T05,男性,27,2020/10/16 5:12,正社員,東京,294160,355409,9.7,97.7,3,3,在籍,伊藤直樹
10906,鈴木彩,マーケ,T07,女性,25,2022/5/29 10:14,正社員,福岡,488507,485612,14.4,98.1,2,3,在籍,山田花子
10907,小林美咲,営業,T05,男性,38,2017/2/8 10:07,派遣,福岡,679091,712062,0,97.3,1,3,在籍,佐藤陽菜
10908,渡辺花子,人事,T07,女性,56,2022/12/7 16:53,派遣,名古屋,332824,364968,12,95.7,0,3,退職,佐々木翼
10909,伊藤太郎,経理,T01,女性,51,2017/4/25 4:06,正社員,広島,370459,326977,9.5,97,0,2,在籍,山本健
10910,山本健,経理,T03,男性,40,2022/2/27 6:17,正社員,東京,295152,375992,19.8,95.9,2,2,在籍,山本愛
10911,鈴木翼,開発,T01,男性,27,2018/3/27 1:25,正社員,福岡,551485,674761,5.7,99.4,0,3,在籍,小林太郎
10912,伊藤真央,開発,T01,その他/未回答,33,2023/5/16 10:28,正社員,東京,650156,789484,8.1,96.5,2,3,在籍,佐々木彩
10913,佐々木健,カスタマーサポート,T04,女性,47,2017/3/17 9:56,正社員,大阪,311935,379097,18.5,93.3,0,2,在籍,伊藤直樹
10914,小林健,カスタマーサポート,T02,男性,26,2021/7/14 9:14,正社員,東京,345605,480514,9.3,92.8,1,1,在籍,伊藤直樹
10915,中村太郎,カスタマーサポート,T03,男性,40,2020/4/10 5:13,派遣,東京,285949,313226,1.1,92.7,2,3,退職,伊藤直樹
10916,山本美咲,カスタマーサポート,T04,女性,20,2018/2/10 11:10,アルバイト,大阪,338953,497268,30.4,98.5,2,2,在籍,鈴木真央
10917,山本大輝,総務,T05,女性,33,2025/7/3 15:28,正社員,名古屋,377445,233711,1.4,94.1,0,4,在籍,山田葵
10918,佐々木翼,人事,T07,男性,29,2015/1/10 13:51,正社員,東京,344354,389794,9.5,97.8,1,3,在籍,伊藤美咲
10919,佐々木結衣,営業,T06,女性,47,2025/2/15 7:49,正社員,仙台,291165,354326,12.8,97.3,1,3,在籍,高橋美咲
10920,渡辺愛,マーケ,T03,男性,56,2024/1/22 7:04,正社員,大阪,356544,348422,12.1,96.8,1,3,在籍,山田花子
10921,佐々木真央,総務,T03,女性,25,2020/8/8 0:41,正社員,東京,351766,277264,8.5,98.1,1,3,退職,佐藤直樹
10922,鈴木太郎,開発,T06,女性,51,2021/6/15 17:52,正社員,大阪,598725,628683,8.5,97.4,2,3,在籍,佐々木彩
10923,伊藤愛,マーケ,T01,男性,46,2018/11/27 22:10,正社員,東京,485353,419707,8.1,90.2,2,2,在籍,山田花子
10924,田中葵,営業,T04,女性,58,2021/1/17 18:07,派遣,東京,617168,869666,1.1,96.2,3,3,在籍,高橋美咲
10925,加藤真央,人事,T03,男性,56,2023/8/22 5:16,正社員,名古屋,278219,238375,27.2,98.1,2,3,在籍,伊藤美咲
10926,中村蓮,経理,T02,男性,24,2017/6/12 5:38,正社員,東京,400573,270669,8.2,100,2,3,在籍,山本健
10927,山本花子,人事,T05,女性,49,2022/8/3 10:12,正社員,東京,316458,340631,14.8,100,1,4,在籍,佐々木翼
10928,田中葵,開発,T03,男性,43,2022/12/1 5:18,アルバイト,名古屋,713045,638883,7.3,93.6,2,2,在籍,佐々木彩
10929,山本翼,マーケ,T02,男性,24,2023/1/9 19:51,正社員,東京,386790,230487,7.2,96.1,3,3,在籍,山田花子
10930,田中翼,開発,T05,男性,30,2018/8/7 2:24,正社員,福岡,538628,573553,6.4,93.1,2,3,在籍,小林太郎
10931,山本直樹,経理,T02,男性,57,2019/2/24 5:51,正社員,福岡,290142,301122,0,100,1,4,在籍,山本健
10932,伊藤彩,営業,T05,男性,41,2019/5/28 15:50,正社員,東京,303486,204305,8.7,99.5,3,4,在籍,佐藤陽菜
10933,山田愛,営業,T02,男性,33,2024/1/15 11:49,アルバイト,大阪,517883,568448,6.7,97.9,2,4,在籍,佐藤陽菜
10934,加藤葵,開発,T04,女性,32,2024/7/12 5:44,正社員,東京,593203,633160,19.4,97.4,1,3,在籍,佐々木彩
10935,高橋葵,開発,T06,男性,53,2019/5/20 5:11,派遣,大阪,586357,746791,0.4,100,2,5,在籍,小林太郎
10936,佐々木彩,経理,T02,男性,31,2025/4/6 23:05,正社員,東京,301900,260107,5.4,100,3,4,在籍,山本愛
10937,小林彩,カスタマーサポート,T06,男性,26,2021/1/14 0:25,正社員,仙台,291192,218032,2.8,99.9,0,4,在籍,伊藤直樹
10938,伊藤美咲,人事,T06,男性,42,2015/1/3 11:34,正社員,東京,277924,403328,21.5,98.1,1,3,在籍,伊藤美咲
10939,山本太郎,開発,T07,女性,59,2021/6/19 19:24,正社員,名古屋,389184,413008,3,96.1,2,3,在籍,佐々木彩
10940,高橋太郎,人事,T02,男性,27,2021/10/28 10:25,正社員,東京,334826,176500,14.5,98.9,3,2,在籍,伊藤美咲
10941,佐藤太郎,経理,T06,その他/未回答,30,2025/3/31 19:09,正社員,東京,366373,483873,17.8,99,3,3,在籍,山本愛
10942,渡辺翔,開発,T07,女性,38,2022/8/7 17:59,正社員,大阪,634579,442148,8.8,96.5,1,3,在籍,小林太郎
10943,吉田翔,人事,T06,女性,27,2015/4/25 16:35,派遣,大阪,397653,511396,0,96.1,1,3,在籍,佐々木翼
10944,伊藤真央,営業,T02,男性,46,2020/12/31 21:03,アルバイト,広島,634366,764514,0,99.8,1,4,在籍,佐藤陽菜
10945,伊藤健,営業,T06,男性,30,2022/11/10 20:07,正社員,東京,420899,618222,16.9,100,2,4,在籍,佐藤陽菜
10946,佐々木太郎,経理,T01,男性,25,2020/4/3 4:47,正社員,東京,389596,570983,0,95.1,2,2,在籍,山本愛
10947,佐々木健,開発,T05,女性,30,2023/7/28 9:42,契約,東京,365909,283363,13.1,96.3,1,3,在籍,佐々木彩
10948,山本大輝,開発,T04,女性,57,2021/6/20 22:50,正社員,東京,731475,926376,10.9,97.9,2,2,在籍,佐々木彩
10949,佐藤太郎,開発,T04,男性,57,2022/3/18 12:07,派遣,札幌,505589,412992,13,98.2,2,3,在籍,小林太郎
10950,小林大輝,営業,T04,男性,40,2019/11/29 18:17,正社員,仙台,592030,668519,13.8,95.7,1,3,在籍,佐藤陽菜
10951,加藤直樹,営業,T01,男性,36,2017/12/10 18:08,契約,札幌,686784,753914,2.5,100,2,4,在籍,佐藤陽菜
10952,山田健,経理,T04,男性,52,2020/6/29 6:53,正社員,東京,378453,209868,2.2,98.1,3,4,在籍,山本愛
10953,佐々木翔,経理,T07,男性,27,2025/2/23 19:38,正社員,東京,408834,206535,15.7,98.3,3,3,在籍,山本愛
10954,小林葵,人事,T04,男性,46,2021/5/18 7:40,正社員,名古屋,271317,151330,5,100,1,3,在籍,伊藤美咲
10955,鈴木彩,カスタマーサポート,T02,男性,47,2022/6/26 14:06,正社員,東京,250466,157278,0,95.9,2,3,在籍,伊藤直樹
10956,田中愛,開発,T07,男性,48,2016/4/24 18:34,派遣,名古屋,620529,470145,15.2,96.8,2,3,在籍,佐々木彩
10957,加藤愛,開発,T01,男性,28,2025/6/15 9:12,アルバイト,東京,579482,815305,1.7,93.9,2,4,在籍,小林太郎
10958,中村太郎,営業,T04,女性,48,2025/4/11 22:11,正社員,東京,304216,309884,13.7,96.6,1,2,在籍,高橋美咲
10959,渡辺陽菜,営業,T04,女性,44,2019/9/19 20:49,正社員,札幌,573265,743462,21.1,93.3,1,2,在籍,高橋美咲
10960,渡辺直樹,営業,T04,男性,55,2024/9/21 14:03,正社員,東京,276400,369909,10.1,98.9,3,3,在籍,高橋美咲
10961,加藤太郎,営業,T07,男性,26,2024/6/8 20:29,正社員,広島,695845,859328,18,98,1,2,在籍,高橋美咲
10962,渡辺結衣,営業,T03,男性,44,2022/12/29 12:15,正社員,東京,320385,285586,11.2,96.3,1,3,在籍,佐藤陽菜
10963,高橋陽菜,人事,T07,女性,53,2024/9/11 21:58,派遣,東京,327911,447224,22.7,96.7,1,2,在籍,佐々木翼
10964,佐々木翔,人事,T01,男性,31,2021/6/13 10:40,契約,東京,377027,468286,1.5,98.9,2,4,在籍,伊藤美咲
10965,伊藤直樹,カスタマーサポート,T06,女性,49,2023/12/25 12:19,正社員,東京,291684,362607,9.9,94.2,1,2,在籍,鈴木真央
10966,田中陽菜,営業,T05,男性,23,2016/10/27 10:33,正社員,大阪,584732,819545,15.4,97.5,1,3,在籍,高橋美咲
10967,佐藤直樹,カスタマーサポート,T02,男性,48,2015/9/29 15:33,正社員,東京,314437,345460,8.5,98.7,2,3,在籍,伊藤直樹
10968,山本彩,人事,T02,男性,44,2020/10/1 1:16,正社員,大阪,393340,404579,19.2,92.5,2,1,在籍,佐々木翼
10969,佐々木直樹,マーケ,T06,男性,27,2023/7/28 1:26,正社員,札幌,376708,523685,6.5,98.7,1,3,在籍,山田花子
10970,高橋蓮,経理,T05,女性,22,2023/2/6 4:19,正社員,東京,417056,398063,26.6,92.8,1,1,在籍,山本愛
10971,田中蓮,経理,T05,女性,49,2020/8/2 7:35,正社員,東京,352346,462126,27,96.7,3,2,在籍,山本愛
10972,高橋蓮,総務,T01,男性,29,2020/7/6 2:42,正社員,東京,367194,203369,12.3,94.1,2,2,退職,佐藤直樹
10973,鈴木彩,人事,T05,男性,39,2021/6/15 1:12,契約,福岡,365243,183092,14.4,100,2,3,在籍,伊藤美咲
10974,中村翼,カスタマーサポート,T07,男性,22,2024/3/9 17:51,正社員,大阪,245951,252909,19.5,94.1,1,2,在籍,鈴木真央
10975,田中翔,営業,T01,女性,58,2023/11/28 14:56,正社員,東京,539634,309540,0.5,92.9,1,3,在籍,佐藤陽菜
10976,加藤大輝,マーケ,T04,女性,41,2016/2/28 19:40,正社員,大阪,472028,696969,0,97.3,2,5,在籍,加藤翼
10977,渡辺太郎,営業,T04,女性,57,2021/4/21 12:57,派遣,大阪,307768,155577,20.1,96,1,3,在籍,高橋美咲
10978,小林結衣,営業,T07,女性,26,2023/6/17 17:28,正社員,東京,627386,764250,12.2,93.2,3,2,在籍,高橋美咲
10979,鈴木健,営業,T02,女性,28,2025/6/28 12:59,正社員,東京,297447,221117,8.2,98.3,2,3,在籍,高橋美咲
10980,伊藤陽菜,人事,T04,男性,44,2019/7/29 22:29,正社員,広島,383241,562426,10.1,92,2,1,退職,伊藤美咲
10981,渡辺蓮,カスタマーサポート,T06,男性,44,2022/3/9 18:19,正社員,東京,324669,286209,0,94.4,1,4,在籍,伊藤直樹
10982,佐藤美咲,開発,T01,女性,51,2016/2/24 16:29,正社員,東京,392809,207121,8.5,95.6,1,3,退職,小林太郎
10983,渡辺太郎,開発,T06,女性,57,2024/11/12 13:43,契約,東京,668702,352363,4,99,2,4,在籍,小林太郎
10984,山本花子,営業,T06,女性,52,2016/8/16 9:17,正社員,大阪,302556,318704,17.3,100,2,4,在籍,高橋美咲
10985,渡辺翔,人事,T06,男性,25,2019/1/2 9:45,正社員,東京,343844,511196,18,99.8,2,3,在籍,伊藤美咲
10986,山本真央,カスタマーサポート,T05,女性,32,2023/11/12 9:22,正社員,東京,340857,504391,14.6,96.6,2,3,在籍,鈴木真央
10987,吉田翼,営業,T06,男性,56,2025/3/28 1:48,契約,東京,342683,286919,13.2,90.9,3,2,在籍,佐藤陽菜
10988,吉田真央,総務,T06,男性,41,2020/2/16 3:29,派遣,名古屋,280859,276001,0,98,1,3,在籍,山田葵
10989,佐藤葵,営業,T07,女性,54,2020/2/17 10:43,契約,東京,440296,264378,14.7,100,3,4,在籍,高橋美咲
10990,小林美咲,開発,T03,男性,42,2015/7/8 7:29,正社員,仙台,496938,507958,15,100,2,3,在籍,小林太郎
10991,山田蓮,マーケ,T04,男性,21,2025/5/11 8:16,契約,東京,281148,309178,20,98.2,2,3,在籍,加藤翼
10992,山田陽菜,開発,T05,女性,38,2015/3/5 17:43,正社員,東京,538872,404726,26.9,94,1,1,在籍,佐々木彩
10993,伊藤直樹,開発,T02,女性,52,2015/4/11 19:44,正社員,広島,444583,494427,0,95.7,0,3,在籍,佐々木彩
10994,吉田結衣,経理,T06,男性,46,2020/1/4 23:34,正社員,福岡,297421,416298,6.9,100,2,3,在籍,山本健
10995,吉田美咲,カスタマーサポート,T06,男性,25,2015/1/15 1:00,契約,東京,263124,131813,4.1,93.5,1,2,在籍,鈴木真央
10996,伊藤翔,営業,T05,男性,28,2016/9/27 7:46,正社員,福岡,259285,189001,11.4,94.1,0,2,在籍,佐藤陽菜
10997,山田結衣,マーケ,T03,男性,54,2021/8/23 3:18,正社員,大阪,480459,341087,10.1,99.4,0,2,在籍,加藤翼
10998,小林美咲,総務,T03,女性,59,2022/6/18 7:28,正社員,東京,379290,236633,8.1,95.9,2,3,在籍,山田葵
10999,加藤蓮,カスタマーサポート,T04,男性,50,2018/2/26 10:34,正社員,福岡,274114,182587,18.2,94,1,2,在籍,鈴木真央
11000,加藤葵,経理,T05,男性,23,2023/6/1 22:12,正社員,福岡,402732,453441,1.2,100,1,4,在籍,山本愛
